index,method,source_count,cleared_count,all_cleared,virtual_time_s,average_time_s,distance_m,measure,switch,clear_success,clear_failure
30000,baseline,11,11,True,2815.270983,255.93372572727273,10711.354924581701,103,100,11,1
30000,shared_probe,11,11,True,2788.059737,253.4599760909091,10240.298688117146,114,109,11,2
30000,short_baseline,11,11,True,2654.572568,241.32477890909092,9912.862837497141,102,98,11,3
30001,baseline,16,16,True,2908.100647,181.7562904375,11480.503232831818,88,80,16,4
30001,shared_probe,16,16,True,2959.135491,184.9459681875,11280.677451719712,104,97,16,2
30001,short_baseline,16,16,True,2884.197869,180.2623668125,11405.98934126131,85,83,16,5
30002,baseline,12,12,True,3049.95508,254.16292333333334,11879.77539600699,103,99,12,0
30002,shared_probe,12,12,True,2909.35481,242.44623416666664,11086.77405542849,106,99,12,1
30002,short_baseline,12,12,True,2778.240307,231.52002558333334,10546.201525692946,102,99,12,0
30003,baseline,14,14,True,3224.261968,230.30442628571427,12966.309830472264,93,87,14,3
30003,shared_probe,14,14,True,3077.494684,219.82104885714284,12087.473423948915,98,94,14,2
30003,short_baseline,14,14,True,3034.455308,216.74680771428572,11972.276545839672,94,91,14,3
30004,baseline,13,13,True,2763.259876,212.55845200000002,10401.29937557192,103,97,13,2
30004,shared_probe,13,13,True,2665.575658,205.0442813846154,9942.87829047731,103,94,13,1
30004,short_baseline,13,13,True,2533.912553,194.91635023076924,9499.562771210949,95,88,13,2
30005,baseline,15,15,True,3099.952853,206.66352353333332,12159.764271786167,98,94,15,3
30005,shared_probe,15,15,True,2927.097026,195.13980173333331,11135.48513720639,104,96,15,3
30005,short_baseline,15,15,True,2939.401784,195.96011893333335,11397.008911861378,96,93,15,4
30006,baseline,13,13,True,3179.407807,244.5698313076923,12307.039038826002,108,101,13,4
30006,shared_probe,13,13,True,2904.176045,223.39815730769232,10765.880218144508,114,110,13,2
30006,short_baseline,13,13,True,2688.897476,206.8382673846154,9954.487382147405,105,102,13,2
30007,baseline,13,13,True,3100.464198,238.49724600000002,11552.320986627492,120,116,13,3
30007,shared_probe,13,13,True,2988.683979,229.8987676153846,10753.419897253123,128,124,13,3
30007,short_baseline,13,13,True,2948.573789,226.8133683846154,11492.86894268535,98,95,13,0
30008,baseline,13,13,True,2784.961594,214.22781492307692,10524.807962685465,103,100,13,0
30008,shared_probe,13,13,True,2873.148504,221.01142338461537,10700.742502369994,112,105,13,1
30008,short_baseline,13,13,True,2729.202516,209.93865507692306,10421.012574328834,96,94,13,2
30009,baseline,12,12,True,3091.16035,257.59669583333334,11925.801748422155,108,103,12,1
30009,shared_probe,12,12,True,3045.856555,253.8213795833333,11474.282789468776,115,107,12,3
30009,short_baseline,12,12,True,3128.096198,260.6746831666667,12185.480990117012,105,100,12,2
30010,baseline,14,14,True,3186.329891,227.5949922142857,12261.649459275315,110,102,14,4
30010,shared_probe,14,14,True,3107.046524,221.93189457142856,11830.2326338325,113,106,14,0
30010,short_baseline,14,14,True,3137.780146,224.1271532857143,12238.900739643736,101,97,14,6
30011,baseline,12,12,True,2851.787935,237.64899458333332,10853.939673859655,103,94,12,4
30011,shared_probe,12,12,True,2754.197466,229.5164555,10155.987339385441,109,103,12,5
30011,short_baseline,12,12,True,2705.495636,225.45796966666668,10282.47817845486,97,92,12,4
30012,baseline,13,13,True,3237.912177,249.07016746153846,12844.560888819555,100,95,13,3
30012,shared_probe,13,13,True,2816.656749,216.6659037692308,10748.283755946715,101,97,13,0
30012,short_baseline,13,13,True,2743.587721,211.0452093076923,10712.938617494528,89,88,13,1
30013,baseline,15,15,True,3582.051965,238.80346433333335,14445.259833246992,102,90,15,6
30013,shared_probe,15,15,True,3136.13981,209.07598733333333,12145.699066871648,104,97,15,5
30013,short_baseline,15,15,True,3143.466174,209.5644116,12592.33086825757,91,89,15,2
30014,baseline,12,12,True,3124.122883,260.34357358333335,11990.614429593112,109,103,12,6
30014,shared_probe,12,12,True,2745.654109,228.80450908333333,10268.270541781483,106,99,12,1
30014,short_baseline,12,12,True,2708.000076,225.66667299999997,10350.000376192913,96,95,12,1
30015,baseline,13,13,True,3026.943156,232.84178123076921,11844.715773644566,98,91,13,4
30015,shared_probe,13,13,True,2716.695988,208.97661446153845,9763.479944147839,116,110,13,3
30015,short_baseline,13,13,True,2672.857484,205.60442184615385,9844.28740584645,105,102,13,4
30016,baseline,13,13,True,3100.098165,238.4690896153846,12205.490821184425,98,95,13,3
30016,shared_probe,13,13,True,3070.174161,236.16724315384616,11815.870808818854,107,101,13,2
30016,short_baseline,13,13,True,2995.301657,230.40781976923077,11831.508290842112,94,91,13,1
30017,baseline,10,10,True,2833.016511,283.30165109999996,10735.082553252652,105,96,10,5
30017,shared_probe,10,10,True,2749.545323,274.9545323,10092.726618833507,113,107,10,3
30017,short_baseline,10,10,True,2635.934005,263.59340050000003,9754.670032859358,105,101,10,3
30018,baseline,11,11,True,2879.425907,261.76599154545454,10837.129521890853,109,103,11,3
30018,shared_probe,11,11,True,2491.346257,226.48602336363638,9036.731282459814,105,101,11,1
30018,short_baseline,11,11,True,2442.554745,222.05043136363636,9037.773711798714,96,94,11,2
30019,baseline,12,12,True,3513.997716,292.833143,13989.988593305587,107,100,12,7
30019,shared_probe,12,12,True,3257.327387,271.44394891666667,12756.636933321899,108,103,12,1
30019,short_baseline,12,12,True,3204.299173,267.02493108333334,12741.49586274487,100,96,12,0
30020,baseline,10,10,True,2996.022353,299.60223529999996,11390.111785768586,111,104,10,3
30020,shared_probe,10,10,True,2996.110937,299.61109369999997,11325.55469439201,114,108,10,1
30020,short_baseline,10,10,True,2924.858152,292.4858152,11029.29075505181,110,107,10,4
30021,baseline,10,10,True,3044.934297,304.4934297,11534.671477290212,114,109,10,3
30021,shared_probe,10,10,True,2921.737744,292.1737744,10973.688725808363,113,112,10,0
30021,short_baseline,10,10,True,2912.858891,291.28588909999996,11014.294453562674,110,107,10,1
30022,baseline,16,16,True,3239.06864,202.44179,13245.343193553044,84,78,16,4
30022,shared_probe,16,16,True,3121.640685,195.1025428125,12078.203425691645,103,99,16,4
30022,short_baseline,16,16,True,2975.051238,185.940702375,12005.256184599484,83,79,16,0
30023,baseline,14,14,True,3508.716325,250.62259464285714,13808.581618016995,112,105,14,4
30023,shared_probe,14,14,True,3085.024176,220.3588697142857,11775.120892169549,110,104,14,2
30023,short_baseline,14,14,True,3045.270498,217.51932128571428,12041.35250404459,94,91,14,2
30024,baseline,10,10,True,2603.81953,260.381953,9429.09764275286,111,107,10,2
30024,shared_probe,10,10,True,2641.239338,264.1239338,9251.196687878897,124,118,10,1
30024,short_baseline,10,10,True,2452.210716,245.22107160000002,9096.053578127616,98,93,10,0
30025,baseline,13,13,True,3071.290064,236.25308184615383,11481.450326393178,118,111,13,3
30025,shared_probe,13,13,True,2788.107125,214.46977884615384,10475.535636127239,105,100,13,1
30025,short_baseline,13,13,True,2710.430223,208.49463253846153,9917.151129474782,108,104,13,6
30026,baseline,15,15,True,3226.079242,215.07194946666667,12710.39620469885,100,97,15,4
30026,shared_probe,15,15,True,3175.949407,211.72996046666668,12419.747047656954,102,95,15,4
30026,short_baseline,15,15,True,3065.710884,204.3807256,12373.554426064891,85,82,15,3
30027,baseline,10,10,True,3113.304002,311.3304002,11911.520008321366,113,107,10,3
30027,shared_probe,10,10,True,2871.217375,287.1217375,10656.086872388249,115,109,10,2
30027,short_baseline,10,10,True,2837.11883,283.711883,10510.594151785603,114,112,10,1
30028,baseline,14,14,True,3121.467217,222.96194407142858,12107.33606806867,104,98,14,4
30028,shared_probe,14,14,True,2912.004259,208.0003042142857,10820.021305148663,113,107,14,2
30028,short_baseline,14,14,True,2854.755491,203.9111065,10823.777454659481,103,99,14,2
30029,baseline,14,14,True,3080.43839,220.03131357142857,12022.191956042061,101,92,14,3
30029,shared_probe,14,14,True,2888.536175,206.3240125,10872.680878940468,106,102,14,4
30029,short_baseline,14,14,True,2866.342836,204.73877399999998,11186.714199240088,92,90,14,3
30030,baseline,12,12,True,2891.48187,240.95682250000002,11042.40935396143,104,100,12,1
30030,shared_probe,12,12,True,2691.71331,224.30944250000002,9733.566556180536,113,108,12,4
30030,short_baseline,12,12,True,2562.029627,213.50246891666666,9525.14815030451,99,96,12,2
30031,baseline,12,12,True,2799.054229,233.25451908333332,10640.271152813242,101,94,12,4
30031,shared_probe,12,12,True,2785.161142,232.09676183333332,10475.805693652497,105,102,12,1
30031,short_baseline,12,12,True,2835.872227,236.3226855833333,11194.36114645127,90,87,12,0
30032,baseline,15,15,True,3022.99241,201.53282733333333,12084.962053293455,88,82,15,3
30032,shared_probe,15,15,True,2843.78164,189.58544266666667,10688.90819077017,103,98,15,6
30032,short_baseline,15,15,True,2744.173861,182.9449240666667,10680.869307581832,88,84,15,3
30033,baseline,15,15,True,3222.695871,214.8463914,12648.479352156326,101,92,15,7
30033,shared_probe,15,15,True,2778.719312,185.24795413333334,10323.596577763125,106,100,15,3
30033,short_baseline,15,15,True,2704.19246,180.27949733333335,10310.962303586562,93,90,15,4
30034,baseline,11,11,True,3025.791942,275.07199472727274,11603.959719632485,107,103,11,4
30034,shared_probe,11,11,True,2906.203333,264.200303,11001.01666766514,109,103,11,1
30034,short_baseline,11,11,True,2890.029943,262.7299948181818,11055.149709685114,104,98,11,2
30035,baseline,13,13,True,3022.404296,232.49263815384617,11702.021478947821,103,96,13,2
30035,shared_probe,13,13,True,2911.321483,223.9478063846154,10896.607426375394,111,106,13,2
30035,short_baseline,13,13,True,2880.272649,221.55943453846155,11021.363248774594,101,97,13,3
30036,baseline,15,15,True,2993.06401,199.53760066666666,11795.32005128,93,88,15,2
30036,shared_probe,15,15,True,2759.678686,183.97857906666667,10783.393424908158,88,82,15,2
30036,short_baseline,15,15,True,2851.637241,190.1091494,11128.186209254842,91,87,15,3
30037,baseline,10,10,True,3004.33671,300.433671,11436.683545609345,111,106,10,2
30037,shared_probe,10,10,True,2942.981084,294.2981084,11264.905434354123,107,99,10,2
30037,short_baseline,10,10,True,2879.847035,287.98470349999997,11289.235186173046,96,92,10,0
30038,baseline,12,12,True,2892.115449,241.00962074999998,10900.577261150234,109,104,12,1
30038,shared_probe,12,12,True,2846.295583,237.19129858333335,10511.477924076582,114,111,12,1
30038,short_baseline,12,12,True,2681.646003,223.47050025,9998.230026474299,103,101,12,2
30039,baseline,12,12,True,2899.711431,241.64261925000002,11138.557156354822,102,96,12,2
30039,shared_probe,12,12,True,2965.059787,247.08831558333335,10705.298936631223,128,121,12,1
30039,short_baseline,12,12,True,2727.602685,227.30022375,10413.013441476465,97,94,12,2
30040,baseline,13,13,True,2943.782609,226.44481607692308,11298.91304851018,101,93,13,7
30040,shared_probe,13,13,True,2987.854529,229.8349637692308,11409.272640722102,105,101,13,5
30040,short_baseline,13,13,True,2978.392603,229.1071233076923,11521.963012627164,99,96,13,6
30041,baseline,13,13,True,2975.825836,228.9096796923077,11349.129185806032,105,101,13,5
30041,shared_probe,13,13,True,2866.226586,220.47896815384618,10621.132942557773,112,108,13,3
30041,short_baseline,13,13,True,2816.420215,216.64770884615385,10747.101069685401,99,95,13,4
30042,baseline,14,14,True,3331.778991,237.98421364285716,12833.894961548862,115,105,14,5
30042,shared_probe,14,14,True,3227.538809,230.53848635714286,12057.694051085882,124,117,14,3
30042,short_baseline,14,14,True,3070.45371,219.31812214285713,11822.268553849293,106,103,14,1
30043,baseline,13,13,True,3349.083961,257.62184315384616,13215.41980071591,105,95,13,7
30043,shared_probe,13,13,True,2927.025038,225.15577215384616,10805.125198856647,115,111,13,5
30043,short_baseline,13,13,True,3082.222849,237.09406530769232,11911.114236503632,104,100,13,5
30044,baseline,12,12,True,3166.591953,263.88266275,12467.959763161549,101,93,12,5
30044,shared_probe,12,12,True,3055.60609,254.63384083333335,11523.030449996999,114,109,12,4
30044,short_baseline,12,12,True,3100.180071,258.34833925000004,12095.900354640344,102,99,12,4
30045,baseline,12,12,True,2879.521921,239.96016008333334,10707.60959665056,114,108,12,0
30045,shared_probe,12,12,True,2992.368213,249.36401775000002,11276.841066018556,114,107,12,0
30045,short_baseline,12,12,True,2672.595742,222.71631183333332,10037.978707889724,101,97,12,1
30046,baseline,14,14,True,2934.078513,209.57703664285714,11555.392552981213,91,86,14,4
30046,shared_probe,14,14,True,2743.614596,195.97247114285713,10443.07298756668,97,91,14,3
30046,short_baseline,14,14,True,2665.993997,190.42814264285715,10399.96997654892,85,82,14,3
30047,baseline,11,11,True,2730.193678,248.19942527272727,10365.968394808624,100,93,11,3
30047,shared_probe,11,11,True,2652.074946,241.0977223636364,9775.374737278205,107,101,11,2
30047,short_baseline,11,11,True,2596.317026,236.02882054545455,9726.585115557586,99,95,11,2
30048,baseline,16,16,True,2849.587125,178.0991953125,11597.935632172072,75,66,16,3
30048,shared_probe,16,16,True,2870.572192,179.410762,11137.860974377912,93,86,16,4
30048,short_baseline,16,16,True,2782.082649,173.8801655625,10960.413254191437,83,80,16,5
30049,baseline,15,15,True,2960.543623,197.36957486666668,11577.718123021768,95,86,15,3
30049,shared_probe,15,15,True,2776.223721,185.08158139999998,10446.118603718314,102,96,15,2
30049,short_baseline,15,15,True,2631.476956,175.43179706666666,10197.384789241498,86,84,15,1
30050,baseline,15,15,True,2803.639604,186.90930693333334,10938.19801265602,90,85,15,2
30050,shared_probe,15,15,True,2693.036372,179.53575813333333,10155.181859984552,99,92,15,0
30050,short_baseline,15,15,True,2512.598391,167.5065594,9572.991963355991,87,85,15,1
30051,baseline,16,16,True,3036.440817,189.7775510625,11992.204074605192,92,89,16,3
30051,shared_probe,16,16,True,2950.001246,184.375077875,11420.006226997259,95,90,16,7
30051,short_baseline,16,16,True,2813.296322,175.831020125,11346.481609317358,76,75,16,3
30052,baseline,10,10,True,2827.319631,282.7319631,10611.59816117571,109,107,10,1
30052,shared_probe,10,10,True,2771.413817,277.1413817,10267.069085642397,112,108,10,0
30052,short_baseline,10,10,True,2771.717335,277.17173349999996,10373.586677942101,108,104,10,1
30053,baseline,15,15,True,3216.703638,214.4469092,12483.518194738754,107,98,15,4
30053,shared_probe,15,15,True,2992.496254,199.49975026666667,11697.481275420969,96,89,15,3
30053,short_baseline,15,15,True,2925.082136,195.00547573333333,11785.410676483218,82,77,15,2
30054,baseline,16,16,True,3381.996846,211.374802875,13549.984228187817,97,89,16,6
30054,shared_probe,16,16,True,3021.326388,188.83289925,11921.631944542525,92,91,16,2
30054,short_baseline,16,16,True,2960.316497,185.0197810625,12016.582478471239,79,76,16,2
30055,baseline,10,10,True,2689.317661,268.9317661,9961.588301714704,108,104,10,1
30055,shared_probe,10,10,True,2579.935096,257.99350960000004,9244.67549836106,114,108,10,1
30055,short_baseline,10,10,True,2545.721022,254.57210220000002,9293.605101136838,105,100,10,4
30056,baseline,16,16,True,2957.719823,184.8574889375,11433.599119075534,98,92,16,3
30056,shared_probe,16,16,True,2728.21105,170.513190625,10116.055267317694,105,100,16,0
30056,short_baseline,16,16,True,2701.034327,168.8146454375,10420.171637820597,89,86,16,2
30057,baseline,11,11,True,2435.530446,221.41185872727274,8722.652231608929,107,101,11,0
30057,shared_probe,11,11,True,2482.23949,225.65813545454546,8806.197461002665,111,105,11,2
30057,short_baseline,11,11,True,2368.871948,215.35199527272727,8569.359733495538,99,96,11,3
30058,baseline,14,14,True,3091.090708,220.79219342857144,12170.453534647118,96,92,14,5
30058,shared_probe,14,14,True,3188.692015,227.76371535714287,12348.460064319048,108,100,14,3
30058,short_baseline,14,14,True,2891.327947,206.5234247857143,11391.639735522334,89,83,14,5
30059,baseline,15,15,True,3306.650704,220.44338026666668,13503.253516821533,88,79,15,4
30059,shared_probe,15,15,True,2942.302751,196.15351673333333,11446.513759096753,95,91,15,4
30059,short_baseline,15,15,True,2851.776985,190.11846566666665,11033.884916552955,94,91,15,3
30060,baseline,15,15,True,2891.898052,192.79320346666665,11154.490257009498,97,92,15,3
30060,shared_probe,15,15,True,2706.091369,180.4060912666667,9990.456837232881,104,98,15,5
30060,short_baseline,15,15,True,2837.129603,189.14197353333333,10960.648006279827,92,89,15,7
30061,baseline,12,12,True,3088.728,257.394,12013.64000131653,103,99,12,4
30061,shared_probe,12,12,True,2721.081905,226.75682541666666,10110.409534297309,106,103,12,2
30061,short_baseline,12,12,True,2684.173844,223.68115366666666,10115.869214185863,99,97,12,3
30062,baseline,14,14,True,3592.787685,256.62769178571426,14238.938430967184,112,106,14,3
30062,shared_probe,14,14,True,3220.053639,230.00383135714287,12245.268186266394,116,112,14,3
30062,short_baseline,14,14,True,3161.996873,225.8569195,12289.984377707484,105,103,14,2
30063,baseline,16,16,True,2998.48548,187.4053425,12177.427398519772,79,73,16,5
30063,shared_probe,16,16,True,2960.745709,185.0466068125,11308.728540376222,103,95,16,3
30063,short_baseline,16,16,True,2855.864068,178.49150425,11579.320339081023,76,71,16,3
30064,baseline,11,11,True,3053.1366,277.5578727272727,11375.682993057268,120,114,11,3
30064,shared_probe,11,11,True,2928.550051,266.23182281818185,11172.750253938568,107,101,11,1
30064,short_baseline,11,11,True,2788.018786,253.45625327272728,10925.093945893503,92,88,11,0
30065,baseline,13,13,True,2622.458884,201.72760646153847,9897.294415056851,97,93,13,0
30065,shared_probe,13,13,True,2634.374061,202.64415853846154,9816.870304936787,100,91,13,5
30065,short_baseline,13,13,True,2655.213319,204.24717838461538,10261.066601772374,90,85,13,1
30066,baseline,13,13,True,2953.094826,227.16114046153845,11630.474138121368,94,86,13,2
30066,shared_probe,13,13,True,2618.561312,201.42779323076923,9712.806555303687,101,97,13,3
30066,short_baseline,13,13,True,2520.525174,193.88655184615385,9607.625879745136,89,86,13,1
30067,baseline,10,10,True,2630.89298,263.089298,9584.464892056105,109,101,10,6
30067,shared_probe,10,10,True,2535.010284,253.5010284,9255.051416373297,105,100,10,3
30067,short_baseline,10,10,True,2428.143338,242.81433379999999,9085.71669934767,93,90,10,2
30068,baseline,10,10,True,2532.923303,253.2923303,9404.616510411395,101,94,10,1
30068,shared_probe,10,10,True,2572.373031,257.2373031,9386.865152952303,107,101,10,3
30068,short_baseline,10,10,True,2451.933538,245.1933538,9084.667707972818,98,92,10,1
30069,baseline,15,15,True,3309.315519,220.6210346,12771.577597797474,112,105,15,5
30069,shared_probe,15,15,True,3116.425163,207.7616775333333,11912.125798793264,109,105,15,3
30069,short_baseline,15,15,True,2960.277077,197.35180513333336,11531.385401957876,95,92,15,4
30070,baseline,13,13,True,3141.288181,241.6375523846154,12281.440907218655,101,97,13,6
30070,shared_probe,13,13,True,2782.825148,214.06347292307692,10694.12572758337,96,93,13,2
30070,short_baseline,13,13,True,2730.370622,210.02850938461538,10636.853103343272,89,87,13,2
30071,baseline,16,16,True,2938.20084,183.6375525,11706.004198442884,85,80,16,4
30071,shared_probe,16,16,True,2829.661095,176.8538184375,11138.305486970543,85,82,16,5
30071,short_baseline,16,16,True,2661.598518,166.349907375,11117.992601696847,59,57,16,2
30072,baseline,14,14,True,2875.482062,205.39157585714287,11112.410318009237,96,91,14,4
30072,shared_probe,14,14,True,2728.46483,194.890345,10247.324152709387,100,94,14,5
30072,short_baseline,14,14,True,2605.340122,186.095723,9991.700611588272,88,85,14,4
30073,baseline,15,15,True,2942.68109,196.17873933333334,11193.40544043156,104,94,15,5
30073,shared_probe,15,15,True,2821.633604,188.10890693333334,10158.168031037965,119,114,15,2
30073,short_baseline,15,15,True,2922.376663,194.82511086666668,10816.883298828783,113,110,15,3
30074,baseline,11,11,True,2695.388019,245.03527445454546,9706.940087058098,115,109,11,5
30074,shared_probe,11,11,True,2452.214066,222.92855145454544,8881.070330121736,104,98,11,1
30074,short_baseline,11,11,True,2448.711637,222.6101488181818,8973.558181850196,99,95,11,3
30075,baseline,10,10,True,2614.040376,261.4040376,9545.20186795124,109,104,10,2
30075,shared_probe,10,10,True,2600.046611,260.0046611,9395.233051984598,112,108,10,1
30075,short_baseline,10,10,True,2551.259866,255.12598659999998,9461.2993414658,101,98,10,2
30076,baseline,12,12,True,2940.458914,245.03824283333333,10942.294556068155,114,107,12,5
30076,shared_probe,12,12,True,2494.191003,207.84925024999998,9140.955019443812,101,95,12,2
30076,short_baseline,12,12,True,2416.41469,201.36789083333335,9002.073467255746,92,90,12,2
30077,baseline,10,10,True,2796.697882,279.66978819999997,10298.489411070104,114,105,10,4
30077,shared_probe,10,10,True,2624.49369,262.449369,9177.468441422772,123,118,10,2
30077,short_baseline,10,10,True,2575.595915,257.5595915,9297.979575837997,109,106,10,5
30078,baseline,16,16,True,3284.693872,205.293367,13068.469354668607,96,90,16,7
30078,shared_probe,16,16,True,2880.2342,180.0146375,11011.171001684219,100,89,16,3
30078,short_baseline,16,16,True,2862.953117,178.9345698125,11184.765594059289,89,86,16,5
30079,baseline,11,11,True,2651.004675,241.000425,9905.0233750861,102,96,11,3
30079,shared_probe,11,11,True,2514.438037,228.58527609090908,9172.19018597495,104,99,11,2
30079,short_baseline,11,11,True,2477.260112,225.20546472727273,9371.30056336423,91,87,11,2
30080,baseline,12,12,True,2625.861121,218.82176008333332,9659.305599947038,106,101,12,1
30080,shared_probe,12,12,True,2721.610921,226.80091008333332,9873.054609531593,114,108,12,3
30080,short_baseline,12,12,True,2583.915948,215.326329,9719.57973645088,96,94,12,2
30081,baseline,16,16,True,3066.854565,191.6784103125,12079.272821203027,93,88,16,6
30081,shared_probe,16,16,True,2533.340928,158.333808,9721.70463602602,84,80,16,3
30081,short_baseline,16,16,True,2500.70621,156.294138125,9773.53104737888,77,72,16,3
30082,baseline,13,13,True,2609.234777,200.71036746153848,9861.173894459329,95,91,13,2
30082,shared_probe,13,13,True,2534.065413,194.9281086923077,9150.327052103517,105,99,13,5
30082,short_baseline,13,13,True,2395.546411,184.27280084615384,8587.732047941798,101,96,13,4
30083,baseline,14,14,True,3028.11471,216.29390785714284,11850.573541557054,97,91,14,4
30083,shared_probe,14,14,True,2653.327074,189.5233624285714,9991.635371788085,98,92,14,1
30083,short_baseline,14,14,True,2697.788055,192.69914678571428,10453.940280871824,88,85,14,4
30084,baseline,15,15,True,2970.476919,198.0317946,11357.384585591863,102,96,15,6
30084,shared_probe,15,15,True,2795.908619,186.3939079333333,10229.54309726683,110,107,15,6
30084,short_baseline,15,15,True,2773.991736,184.9327824,10719.958671924851,92,89,15,2
30085,baseline,12,12,True,3100.677375,258.38978125,12023.386858961558,106,103,12,1
30085,shared_probe,12,12,True,2929.466964,244.12224700000002,10852.33482739959,116,110,12,3
30085,short_baseline,12,12,True,2864.82975,238.73581249999998,10849.148764502434,106,102,12,1
30086,baseline,12,12,True,3255.968998,271.3307498333333,12589.844992832006,111,102,12,7
30086,shared_probe,12,12,True,3001.458606,250.1215505,11312.293031734587,113,108,12,2
30086,short_baseline,12,12,True,2933.506974,244.4589145,11412.534868730085,99,96,12,0
30087,baseline,14,14,True,3433.314729,245.23676635714287,13746.573627883534,102,98,14,2
30087,shared_probe,14,14,True,3343.177363,238.79838307142856,13100.886816311167,110,103,14,0
30087,short_baseline,14,14,True,3238.283664,231.30597600000002,12856.4183159607,99,93,14,3
30088,baseline,14,14,True,2623.890609,187.4207577857143,10089.453052057983,89,82,14,3
30088,shared_probe,14,14,True,2689.548317,192.11059407142858,10197.741587077704,97,92,14,1
30088,short_baseline,14,14,True,2623.963065,187.42593321428572,10259.815315764768,84,82,14,0
30089,baseline,11,11,True,2934.022829,266.72934809090907,11305.114150822186,102,93,11,5
30089,shared_probe,11,11,True,2789.835095,253.62137227272726,10324.175464913767,111,106,11,3
30089,short_baseline,11,11,True,2799.983838,254.54398527272727,10569.919189007464,103,101,11,5
30090,baseline,12,12,True,2900.875739,241.73964491666666,11189.378690536847,100,94,12,3
30090,shared_probe,12,12,True,2641.168387,220.09736558333336,9515.841929838625,113,104,12,3
30090,short_baseline,12,12,True,2619.300823,218.27506858333334,9791.50410385478,100,98,12,1
30091,baseline,14,14,True,2932.319658,209.45140414285714,11316.59828261671,99,92,14,4
30091,shared_probe,14,14,True,2726.423637,194.7445455,10072.1181894763,107,101,14,2
30091,short_baseline,14,14,True,2619.28944,187.09210285714286,10126.44719182754,88,84,14,0
30092,baseline,12,12,True,2813.71071,234.4758925,10703.553560189199,100,95,12,6
30092,shared_probe,12,12,True,2766.610168,230.55084733333334,10453.050846211012,103,95,12,2
30092,short_baseline,12,12,True,2549.38835,212.4490291666667,9786.94175221253,89,84,12,1
30093,baseline,10,10,True,3104.494161,310.4494161,11602.47080547388,122,112,10,4
30093,shared_probe,10,10,True,2875.79111,287.579111,10383.955550468898,125,121,10,1
30093,short_baseline,10,10,True,2872.102073,287.2102073,10440.510365458078,122,118,10,2
30094,baseline,11,11,True,3054.611118,277.6919198181818,11908.05559102731,103,97,11,2
30094,shared_probe,11,11,True,2812.548959,255.686269,10502.744805488026,110,104,11,1
30094,short_baseline,11,11,True,2760.846929,250.98608445454545,10704.234660111197,94,89,11,2
30095,baseline,16,16,True,2705.889508,169.11809425,10384.447541481088,91,82,16,4
30095,shared_probe,16,16,True,2760.41007,172.525629375,10252.050364464567,105,99,16,2
30095,short_baseline,16,16,True,2681.837414,167.614838375,10334.187076280534,88,83,16,4
30096,baseline,11,11,True,2747.935789,249.81234445454547,10299.67894706403,105,102,11,2
30096,shared_probe,11,11,True,2715.121893,246.829263,9840.609460805057,116,112,11,0
30096,short_baseline,11,11,True,2690.25155,244.56832272727272,9736.257741717425,115,113,11,0
30097,baseline,13,13,True,2863.448794,220.26529184615384,10712.243967162613,108,104,13,4
30097,shared_probe,13,13,True,2664.573089,204.9671606923077,9717.865453488705,109,105,13,2
30097,short_baseline,13,13,True,2639.056865,203.00437423076923,9815.28432481401,100,99,13,4
30098,baseline,13,13,True,3114.528471,239.57911315384615,12042.642355168497,107,103,13,1
30098,shared_probe,13,13,True,2910.984109,223.92185453846153,10569.920539472865,120,114,13,6
30098,short_baseline,13,13,True,2846.930968,218.99468984615385,10609.6548386173,109,106,13,3
30099,baseline,10,10,True,2617.046859,261.7046859,9950.234291343784,97,89,10,1
30099,shared_probe,10,10,True,2477.230882,247.72308819999998,8876.154409232597,109,101,10,2
30099,short_baseline,10,10,True,2364.731584,236.47315840000002,8738.65792341595,94,91,10,2
30100,baseline,16,16,True,2623.246329,163.9528955625,10326.23164979358,80,75,16,1
30100,shared_probe,16,16,True,2595.897531,162.2435956875,10019.487656424537,86,79,16,1
30100,short_baseline,16,16,True,2684.759818,167.797488625,10353.799092833624,88,85,16,3
30101,baseline,12,12,True,3107.496463,258.95803858333335,12117.482305938429,104,98,12,2
30101,shared_probe,12,12,True,3015.8499,251.320825,11639.249494591739,105,100,12,1
30101,short_baseline,12,12,True,3011.439151,250.95326258333333,11812.195757387199,98,96,12,1
30102,baseline,12,12,True,3061.723436,255.1436196666667,11833.617172784478,105,98,12,4
30102,shared_probe,12,12,True,2688.133211,224.01110091666666,10030.666055087526,104,99,12,1
30102,short_baseline,12,12,True,2720.408599,226.70071658333333,10152.042993434332,104,98,12,4
30103,baseline,10,10,True,2822.332331,282.2332331,10756.661651841994,104,98,10,1
30103,shared_probe,10,10,True,2649.542053,264.9542053,9642.710268599252,112,108,10,1
30103,short_baseline,10,10,True,2615.904718,261.5904718,9669.523581982172,106,102,10,0
30104,baseline,12,12,True,2639.07472,219.92289333333335,9985.373609163684,96,93,12,3
30104,shared_probe,12,12,True,2449.383084,204.115257,8906.915419092285,102,98,12,0
30104,short_baseline,12,12,True,2402.447297,200.20394141666668,8972.23648900458,91,87,12,2
30105,baseline,14,14,True,3794.78672,271.0561942857143,15048.933605193655,118,110,14,5
30105,shared_probe,14,14,True,3323.402481,237.3858915,12677.012402965076,120,112,14,2
30105,short_baseline,14,14,True,3151.591089,225.11364921428572,12517.955435245756,96,92,14,2
30106,baseline,16,16,True,3294.003488,205.875218,13140.017435554617,95,90,16,7
30106,shared_probe,16,16,True,3140.727573,196.2954733125,12363.637874909766,98,92,16,2
30106,short_baseline,16,16,True,3079.765828,192.48536425,12568.829146607748,81,78,16,1
30107,baseline,11,11,True,2787.451631,253.40469372727273,10542.25815764728,104,101,11,1
30107,shared_probe,11,11,True,2671.468459,242.860769,9827.342295711855,108,102,11,3
30107,short_baseline,11,11,True,2647.181396,240.65285418181818,9830.906988745903,103,99,11,4
30108,baseline,14,14,True,3441.164641,245.79747435714285,13675.823204255355,106,100,14,2
30108,shared_probe,14,14,True,3296.199583,235.44282735714287,12790.997928711058,111,104,14,3
30108,short_baseline,14,14,True,3120.340059,222.88143278571428,11991.700300169075,108,103,14,3
30109,baseline,15,15,True,3056.588682,203.7725788,11877.943400983226,101,98,15,1
30109,shared_probe,15,15,True,3022.772188,201.51814586666666,11358.86095688002,112,107,15,3
30109,short_baseline,15,15,True,2954.18915,196.94594333333333,11330.94575022516,101,99,15,3
30110,baseline,15,15,True,3217.355828,214.49038853333334,12876.779142892963,93,90,15,4
30110,shared_probe,15,15,True,3075.78412,205.05227466666665,11828.92060445251,106,99,15,2
30110,short_baseline,15,15,True,3066.755724,204.45038160000001,12103.77861552487,94,92,15,3
30111,baseline,11,11,True,2713.657976,246.69617963636364,10163.289881985107,104,97,11,3
30111,shared_probe,11,11,True,2732.649047,248.42264063636364,9943.24524615381,113,109,11,5
30111,short_baseline,11,11,True,2687.332648,244.302968,10136.663240081747,99,95,11,5
30112,baseline,15,15,True,3015.772615,201.05150766666665,11678.863067451446,100,93,15,4
30112,shared_probe,15,15,True,2825.760855,188.384057,10648.804278679345,104,101,15,0
30112,short_baseline,15,15,True,2807.244431,187.14962873333334,10736.222148194,97,94,15,2
30113,baseline,11,11,True,2917.039126,265.1853750909091,11225.195634820268,102,95,11,4
30113,shared_probe,11,11,True,2786.472301,253.31566372727272,10447.36150710212,108,102,11,0
30113,short_baseline,11,11,True,2779.129393,252.64812663636366,10600.64698082464,100,95,11,3
30114,baseline,16,16,True,2858.303807,178.6439879375,11251.519035677415,87,78,16,5
30114,shared_probe,16,16,True,2789.44695,174.340434375,10842.234754696517,90,85,16,2
30114,short_baseline,16,16,True,2701.822042,168.863877625,10894.110211938114,72,68,16,5
30115,baseline,10,10,True,2989.123373,298.9123373,11435.616852435562,109,104,10,1
30115,shared_probe,10,10,True,2653.848048,265.3848048,9734.240245824161,110,107,10,0
30115,short_baseline,10,10,True,2817.109087,281.7109087,10735.545436497072,103,99,10,2
30116,baseline,12,12,True,2979.243757,248.27031308333335,11096.21878084441,115,110,12,5
30116,shared_probe,12,12,True,2858.901555,238.24179625,10559.507779768906,115,109,12,1
30116,short_baseline,12,12,True,2900.274023,241.68950191666667,10961.370106629294,107,104,12,3
30117,baseline,12,12,True,3382.760965,281.8967470833333,13158.804832365682,115,107,12,3
30117,shared_probe,12,12,True,2844.335731,237.02797758333335,10481.678656806518,114,109,12,3
30117,short_baseline,12,12,True,2803.920632,233.66005266666664,10529.603162323843,106,102,12,2
30118,baseline,15,15,True,2966.321403,197.7547602,11311.607021464786,105,98,15,2
30118,shared_probe,15,15,True,2680.229739,178.6819826,9791.148702234603,108,101,15,2
30118,short_baseline,15,15,True,2618.967568,174.59783786666668,9809.837853548413,96,93,15,3
30119,baseline,16,16,True,3234.137288,202.1335805,13195.686447333455,84,80,16,5
30119,shared_probe,16,16,True,3095.433753,193.4646095625,12242.168777893065,93,87,16,5
30119,short_baseline,16,16,True,2970.580917,185.6613073125,12147.904585224696,76,75,16,2
30120,baseline,13,13,True,3129.657879,240.74291376923077,12418.289383487485,96,92,13,3
30120,shared_probe,13,13,True,2873.5034,221.03872307692308,10642.517008645402,114,107,13,1
30120,short_baseline,13,13,True,2894.642144,222.6647803076923,11278.210724024615,95,93,13,2
30121,baseline,14,14,True,2793.139288,199.50994914285712,10740.696454694633,94,90,14,5
30121,shared_probe,14,14,True,2719.637928,194.259852,10123.189633266575,103,98,14,4
30121,short_baseline,14,14,True,2714.811567,193.91511192857143,10469.057837241806,90,86,14,5
30122,baseline,13,13,True,2774.900384,213.4538756923077,10734.501923753323,94,87,13,2
30122,shared_probe,13,13,True,2802.118729,215.5475945384615,10465.59365472733,106,96,13,6
30122,short_baseline,13,13,True,2631.248513,202.40373176923077,10121.242583691082,90,86,13,2
30123,baseline,12,12,True,2741.968677,228.49738975,10124.843373613141,110,107,12,0
30123,shared_probe,12,12,True,3038.396352,253.19969600000002,11401.981761314739,117,113,12,0
30123,short_baseline,12,12,True,2706.643018,225.55358483333336,10278.215089769896,98,95,12,2
30124,baseline,13,13,True,3104.723484,238.8248833846154,12173.617421804835,99,95,13,5
30124,shared_probe,13,13,True,3039.014637,233.7703566923077,11780.073201070445,102,99,13,3
30124,short_baseline,13,13,True,3062.349376,235.56533661538464,12166.746877566007,93,90,13,3
30125,baseline,13,13,True,3392.509407,260.9622620769231,13602.547046644655,101,96,13,2
30125,shared_probe,13,13,True,2855.124202,219.62493861538462,10995.621010873849,99,93,13,1
30125,short_baseline,13,13,True,2796.363738,215.10490292307693,10911.81868508699,90,87,13,4
30126,baseline,12,12,True,2531.986461,210.99887175,9499.932295387885,94,90,12,4
30126,shared_probe,12,12,True,2589.239659,215.76997158333333,9471.198302333114,105,98,12,4
30126,short_baseline,12,12,True,2449.882307,204.15685891666666,9159.411544940689,91,88,12,5
30127,baseline,14,14,True,2982.089563,213.00639735714284,11655.447817728385,96,89,14,4
30127,shared_probe,14,14,True,2828.02686,202.00191857142858,10410.134318832255,114,103,14,1
30127,short_baseline,14,14,True,2609.082902,186.36306442857145,10110.41452872603,85,83,14,3
30128,baseline,16,16,True,3038.490034,189.905627125,11852.450171365841,96,90,16,6
30128,shared_probe,16,16,True,2921.634121,182.6021325625,11373.170609556837,93,84,16,6
30128,short_baseline,16,16,True,2912.047901,182.0029938125,11745.239505331681,79,76,16,4
30129,baseline,15,15,True,2875.08694,191.6724626666667,11220.434702807039,92,87,15,3
30129,shared_probe,15,15,True,2754.571582,183.63810546666667,10427.857906450417,98,92,15,4
30129,short_baseline,15,15,True,2501.089388,166.73929253333333,9815.446928602876,77,72,15,2
30130,baseline,13,13,True,2911.386317,223.95279361538462,10851.93159051374,112,101,13,5
30130,shared_probe,13,13,True,2750.205434,211.55426415384616,9986.027181489615,114,109,13,3
30130,short_baseline,13,13,True,2726.87288,209.7594523076923,10199.364382660857,103,101,13,2
30131,baseline,11,11,True,3086.432317,280.5847560909091,11607.161582512626,119,112,11,1
30131,shared_probe,11,11,True,2783.002019,253.00018354545455,10275.010096208329,112,107,11,2
30131,short_baseline,11,11,True,2733.989052,248.54445927272727,10224.945257198971,105,103,11,2
30132,baseline,16,16,True,2788.823668,174.30147925,11079.118338962428,82,71,16,4
30132,shared_probe,16,16,True,2903.221252,181.45132825,11256.106255010907,95,91,16,2
30132,short_baseline,16,16,True,2895.245085,180.9528178125,11546.225431304229,83,79,16,4
30133,baseline,14,14,True,3065.305144,218.9503674285714,12101.52573305012,96,89,14,2
30133,shared_probe,14,14,True,2887.592783,206.25662735714286,11012.96391465027,102,99,14,2
30133,short_baseline,14,14,True,2853.203979,203.8002842142857,11081.019897778144,94,91,14,2
30134,baseline,11,11,True,2858.364305,259.8513004545455,10906.821533271708,104,99,11,1
30134,shared_probe,11,11,True,2812.604717,255.69133790909092,10358.02359309545,115,105,11,2
30134,short_baseline,11,11,True,2750.010433,250.00094845454544,10375.052168123526,103,99,11,2
30135,baseline,12,12,True,3088.917117,257.40975975,12009.585581437606,104,101,12,2
30135,shared_probe,12,12,True,2847.168471,237.26403925,10705.84235510551,108,103,12,1
30135,short_baseline,12,12,True,2965.226223,247.10218525000002,11626.131111581399,97,92,12,1
30136,baseline,16,16,True,3018.066158,188.629134875,11910.330776913337,90,82,16,8
30136,shared_probe,16,16,True,2737.765659,171.1103536875,10468.828304681874,94,88,16,2
30136,short_baseline,16,16,True,2611.442589,163.2151618125,10292.212957586156,77,76,16,4
30137,baseline,10,10,True,3099.27033,309.927033,11696.351645278954,119,115,10,0
30137,shared_probe,10,10,True,2975.603913,297.5603913,10918.01957474242,124,119,10,1
30137,short_baseline,10,10,True,2958.747303,295.8747303,10958.736522059733,119,116,10,2
30138,baseline,15,15,True,2989.839812,199.32265413333334,11199.199067550906,112,106,15,3
30138,shared_probe,15,15,True,2812.224375,187.48162499999998,10306.121877969103,113,105,15,2
30138,short_baseline,15,15,True,2971.442321,198.09615473333332,11457.211605477487,100,99,15,2
30139,baseline,10,10,True,2913.68833,291.368833,10938.441651581776,112,107,10,3
30139,shared_probe,10,10,True,2779.903049,277.9903049,10244.515248354775,114,111,10,0
30139,short_baseline,10,10,True,2736.34335,273.634335,10131.716750239955,108,105,10,5
30140,baseline,15,15,True,2986.39242,199.092828,12021.96209776087,83,77,15,5
30140,shared_probe,15,15,True,2695.668534,179.71123559999998,10218.34267218646,96,91,15,2
30140,short_baseline,15,15,True,2534.906445,168.993763,9974.53222937099,78,72,15,1
30141,baseline,10,10,True,2901.257315,290.1257315,10586.286561687508,122,115,10,3
30141,shared_probe,10,10,True,2592.112254,259.2112254,9005.561276438595,124,121,10,0
30141,short_baseline,10,10,True,2739.521319,273.9521319,9597.606596485666,128,124,10,2
30142,baseline,16,16,True,2903.160604,181.44753775,11920.80301736194,73,71,16,1
30142,shared_probe,16,16,True,2875.654609,179.7284130625,11163.273036167267,94,87,16,2
30142,short_baseline,16,16,True,2847.874592,177.992162,11314.372958605081,83,81,16,3
30143,baseline,15,15,True,3496.254491,233.08363273333333,14231.272461510462,95,88,15,4
30143,shared_probe,15,15,True,3106.908836,207.12725573333333,12069.54419373661,103,97,15,2
30143,short_baseline,15,15,True,3048.821033,203.25473553333333,12034.105162651118,94,91,15,2
30144,baseline,13,13,True,3088.944434,237.61111030769231,11949.722177765825,105,100,13,3
30144,shared_probe,13,13,True,3005.214316,231.170332,11426.071588525838,110,102,13,1
30144,short_baseline,13,13,True,2795.965877,215.07429823076924,10899.829389509907,91,90,13,2
30145,baseline,14,14,True,3071.011093,219.35793521428573,11825.055474206461,104,95,14,7
30145,shared_probe,14,14,True,2728.164431,194.86888792857144,10170.822155349004,103,100,14,3
30145,short_baseline,14,14,True,2688.013926,192.00099471428572,10235.069628636487,94,92,14,3
30146,baseline,12,12,True,3002.716098,250.2263415,11493.580484775177,106,102,12,4
30146,shared_probe,12,12,True,3016.743208,251.39526733333332,11383.71604311428,113,109,12,2
30146,short_baseline,12,12,True,2939.79103,244.98258583333333,11058.955146684248,110,109,12,3
30147,baseline,10,10,True,2757.802434,275.7802434,9979.012169397385,118,116,10,2
30147,shared_probe,10,10,True,2724.197713,272.4197713,9905.98856736911,115,109,10,3
30147,short_baseline,10,10,True,2672.42747,267.242747,9542.137347842425,119,116,10,1
30148,baseline,10,10,True,2846.809222,284.6809222,10599.04611049328,113,106,10,2
30148,shared_probe,10,10,True,2666.742496,266.6742496,9718.712491233475,113,108,10,0
30148,short_baseline,10,10,True,2618.500991,261.85009909999997,9727.504962286845,104,100,10,1
30149,baseline,16,16,True,3365.683699,210.3552311875,13508.418491278886,96,89,16,5
30149,shared_probe,16,16,True,2727.037517,170.4398448125,10595.187588891338,88,82,16,2
30149,short_baseline,16,16,True,2742.917098,171.432318625,10424.585481871016,94,90,16,6
30150,baseline,15,15,True,3118.160444,207.87736293333333,12100.80222963893,103,99,15,3
30150,shared_probe,15,15,True,2777.344199,185.15627993333334,10451.720992575169,102,96,15,2
30150,short_baseline,15,15,True,2615.85548,174.39036533333334,10299.277404860406,80,78,15,1
30151,baseline,10,10,True,2781.09937,278.109937,10305.496849481762,111,103,10,4
30151,shared_probe,10,10,True,2661.615262,266.16152619999997,9688.076305483635,112,108,10,2
30151,short_baseline,10,10,True,2888.221947,288.8221947,11071.109728710351,103,100,10,3
30152,baseline,16,16,True,3012.820073,188.3012545625,11849.10037138872,92,85,16,6
30152,shared_probe,16,16,True,2892.251309,180.7657068125,11311.256556419732,92,84,16,2
30152,short_baseline,16,16,True,2843.908539,177.7442836875,11319.542678404523,83,79,16,2
30153,baseline,14,14,True,3280.52225,234.32301785714284,12277.61124278378,124,117,14,6
30153,shared_probe,14,14,True,3046.301203,217.59294307142858,11276.506006644155,118,113,14,6
30153,short_baseline,14,14,True,2970.941475,212.21010535714285,11419.707388188814,102,98,14,3
30154,baseline,11,11,True,3172.883674,288.44397036363637,12179.418374512983,113,105,11,4
30154,shared_probe,11,11,True,2871.579252,261.0526592727273,10687.896264622592,113,108,11,2
30154,short_baseline,11,11,True,2740.689068,249.15355163636366,10233.445344408621,106,103,11,2
30155,baseline,16,16,True,3804.390528,237.774408,15416.952633768182,105,98,16,6
30155,shared_probe,16,16,True,3220.461169,201.2788230625,12462.305854601913,107,101,16,4
30155,short_baseline,16,16,True,3108.782795,194.2989246875,12428.913977291404,90,84,16,3
30156,baseline,12,12,True,2962.291979,246.85766491666666,11371.459889210433,104,99,12,3
30156,shared_probe,12,12,True,2750.565723,229.21381025000002,10472.828624141268,100,96,12,0
30156,short_baseline,12,12,True,2713.739096,226.14492466666664,10513.695479385171,91,87,12,3
30157,baseline,14,14,True,3256.642588,232.61732771428572,13133.21293874331,93,89,14,2
30157,shared_probe,14,14,True,3202.834338,228.77388128571428,12674.171692976654,99,94,14,3
30157,short_baseline,14,14,True,3110.087558,222.1491112857143,12295.437800359883,97,93,14,1
30158,baseline,11,11,True,2965.110182,269.55547109090907,11230.550902968967,110,102,11,4
30158,shared_probe,11,11,True,2720.288266,247.29893327272728,9966.441329593476,112,106,11,2
30158,short_baseline,11,11,True,2680.210942,243.6555401818182,9931.054719947231,106,103,11,2
30159,baseline,15,15,True,3079.40049,205.293366,11827.002445761398,106,97,15,4
30159,shared_probe,15,15,True,3126.095006,208.40633373333333,11770.475040691497,114,103,15,8
30159,short_baseline,15,15,True,2949.842654,196.65617693333334,11559.213267942632,93,89,15,3
30160,baseline,11,11,True,2998.786949,272.61699536363636,11433.934743581518,108,105,11,4
30160,shared_probe,11,11,True,2817.88167,256.17106090909095,10649.408349751315,105,102,11,2
30160,short_baseline,11,11,True,2624.27446,238.57040545454547,10001.372297588172,95,91,11,1
30161,baseline,15,15,True,3332.502396,222.1668264,13247.511978288918,100,93,15,5
30161,shared_probe,15,15,True,3108.978399,207.2652266,12124.891996067456,101,95,15,3
30161,short_baseline,15,15,True,3052.115068,203.47433786666667,12130.575340346024,91,87,15,3
30162,baseline,16,16,True,2839.713346,177.482084125,11283.566744467751,83,76,16,4
30162,shared_probe,16,16,True,2894.395544,180.8997215,11351.977736580888,89,84,16,5
30162,short_baseline,16,16,True,2571.957922,160.747370125,10369.78960148287,70,65,16,1
30163,baseline,15,15,True,3585.277868,239.01852453333333,14411.389344996138,104,96,15,4
30163,shared_probe,15,15,True,3171.956998,211.46379986666668,12369.784989433298,104,100,15,1
30163,short_baseline,15,15,True,3130.592109,208.7061406,12177.96054248247,103,99,15,2
30164,baseline,15,15,True,2768.183876,184.54559173333334,10665.919388230472,93,83,15,4
30164,shared_probe,15,15,True,2811.126102,187.40840680000002,10755.63050683018,96,90,15,5
30164,short_baseline,15,15,True,2790.135848,186.00905653333334,10630.679238301202,98,93,15,2
30165,baseline,12,12,True,2916.558075,243.04650625,11072.790371482115,106,100,12,4
30165,shared_probe,12,12,True,2717.976873,226.49807275,10059.884364433507,108,100,12,2
30165,short_baseline,12,12,True,2705.132449,225.42770408333334,10310.66224399864,97,92,12,2
30166,baseline,12,12,True,3238.418476,269.8682063333333,12547.092373288477,111,105,12,3
30166,shared_probe,12,12,True,2921.196612,243.433051,10840.98306579843,115,109,12,3
30166,short_baseline,12,12,True,2868.678121,239.05651008333334,10778.390609531561,108,107,12,2
30167,baseline,14,14,True,2835.83693,202.55978071428572,10934.184637524097,96,90,14,3
30167,shared_probe,14,14,True,2937.201533,209.8001095,11291.007660546604,101,95,14,3
30167,short_baseline,14,14,True,2883.170937,205.9407812142857,11455.854691950391,86,83,14,3
30168,baseline,16,16,True,3143.208761,196.4505475625,12071.04379167812,106,95,16,8
30168,shared_probe,16,16,True,2908.179354,181.761209625,10630.896766373804,116,110,16,4
30168,short_baseline,16,16,True,2896.215615,181.0134759375,10736.078064064555,111,108,16,2
30169,baseline,14,14,True,3042.391781,217.31369864285713,11616.958902878268,106,98,14,7
30169,shared_probe,14,14,True,2887.888569,206.27775492857145,10639.442848135986,113,104,14,7
30169,short_baseline,14,14,True,2760.257052,197.161218,10521.285267650415,96,94,14,4
30170,baseline,13,13,True,2741.860835,210.91237192307693,10169.304178827695,106,104,13,3
30170,shared_probe,13,13,True,2716.583209,208.96793915384615,9887.916050759983,112,111,13,1
30170,short_baseline,13,13,True,2799.437062,215.34131246153845,10787.185299657342,95,93,13,3
30171,baseline,13,13,True,2837.865456,218.29734276923077,10939.327281211503,97,94,13,2
30171,shared_probe,13,13,True,2872.127637,220.93289515384615,10915.638179972411,104,101,13,1
30171,short_baseline,13,13,True,2897.3594,222.8738,11246.797002838088,97,95,13,1
30172,baseline,14,14,True,2896.187041,206.87050292857143,11250.935202921226,96,90,14,2
30172,shared_probe,14,14,True,2697.047839,192.6462742142857,10200.239194502037,98,94,14,1
30172,short_baseline,14,14,True,2701.407902,192.9577072857143,10252.039506470534,96,95,14,2
30173,baseline,11,11,True,3249.274416,295.3885832727273,12576.37209018259,111,106,11,6
30173,shared_probe,11,11,True,3159.723308,287.2475734545455,12043.616545299974,115,109,11,4
30173,short_baseline,11,11,True,2988.596478,271.6905889090909,11522.982384648758,105,104,11,0
30174,baseline,13,13,True,3276.529054,252.04069646153846,12592.645281621755,115,109,13,3
30174,shared_probe,13,13,True,3057.51073,235.19313307692306,11277.553647345183,123,116,13,2
30174,short_baseline,13,13,True,2829.911863,217.6855279230769,10629.559313661686,106,103,13,2
30175,baseline,10,10,True,2846.765721,284.67657210000004,10718.828602620595,108,104,10,3
30175,shared_probe,10,10,True,2600.872084,260.0872084,9399.360420636955,112,108,10,1
30175,short_baseline,10,10,True,2573.227209,257.32272090000004,9401.136049034227,107,105,10,1
30176,baseline,16,16,True,3365.235749,210.3272343125,13581.178744410927,95,88,16,2
30176,shared_probe,16,16,True,2945.5566,184.0972875,11952.782997966931,78,73,16,4
30176,short_baseline,16,16,True,2766.232519,172.8895324375,11071.162601286325,78,76,16,2
30177,baseline,16,16,True,3248.543821,203.0339888125,12957.719124929537,96,85,16,4
30177,shared_probe,16,16,True,2995.217739,187.2011086875,11321.088709920446,108,102,16,3
30177,short_baseline,16,16,True,2945.638545,184.1024090625,11433.192718893748,95,92,16,4
30178,baseline,13,13,True,2961.625406,227.81733892307693,10968.12702467133,116,108,13,5
30178,shared_probe,13,13,True,2585.624059,198.8941583846154,9663.12030544185,98,92,13,2
30178,short_baseline,13,13,True,2729.523451,209.96334238461537,10682.61726249534,88,85,13,1
30179,baseline,13,13,True,2887.946075,222.14969807692307,11144.730365890033,98,92,13,4
30179,shared_probe,13,13,True,2756.922646,212.07097276923076,10394.613233313785,102,94,13,3
30179,short_baseline,13,13,True,2739.347556,210.71904276923078,10811.737772370812,84,80,13,4
30180,baseline,13,13,True,3014.33413,231.87185615384618,11416.670651333017,109,103,13,6
30180,shared_probe,13,13,True,2970.609245,228.50840346153848,11283.046224145963,108,103,13,2
30180,short_baseline,13,13,True,2745.205845,211.1696803846154,10541.029222534871,95,91,13,2
30181,baseline,12,12,True,2687.221091,223.93509091666667,10146.10545031381,100,95,12,1
30181,shared_probe,12,12,True,2737.504985,228.12541541666667,10157.524936919555,108,103,12,1
30181,short_baseline,12,12,True,2731.39148,227.61595666666665,10296.957406133628,100,97,12,5
30182,baseline,10,10,True,2600.818305,260.08183049999997,9629.091519360385,103,101,10,3
30182,shared_probe,10,10,True,2639.682362,263.9682362,9728.411804305153,108,104,10,0
30182,short_baseline,10,10,True,2573.614277,257.36142770000004,9493.071387225273,103,101,10,3
30183,baseline,13,13,True,3046.96522,234.38194000000001,11984.826099572636,97,88,13,4
30183,shared_probe,13,13,True,2675.063403,205.77410792307694,9840.317030438617,105,99,13,6
30183,short_baseline,13,13,True,2549.878131,196.14447161538462,9924.39063980164,83,79,13,2
30184,baseline,10,10,True,2809.305758,280.9305758,10706.52878843838,103,97,10,2
30184,shared_probe,10,10,True,2703.704637,270.37046369999996,9803.523193662184,116,107,10,2
30184,short_baseline,10,10,True,2686.013348,268.6013348,10325.066752418667,95,90,10,2
30185,baseline,10,10,True,3032.154542,303.2154542,11575.772703380228,110,102,10,5
30185,shared_probe,10,10,True,2683.434746,268.3434746,9892.173735273114,109,104,10,2
30185,short_baseline,10,10,True,2680.544576,268.0544576,9997.722896401167,104,102,10,3
30186,baseline,14,14,True,2934.826041,209.6304315,11359.130206559523,98,94,14,3
30186,shared_probe,14,14,True,2775.497772,198.24984085714286,10642.488866732894,97,92,14,0
30186,short_baseline,14,14,True,2749.235439,196.37395992857142,10771.177201334236,88,82,14,1
30187,baseline,13,13,True,2740.056946,210.77361123076923,10325.284723609126,101,96,13,3
30187,shared_probe,13,13,True,2678.5755,206.04426923076923,9862.877506288052,107,103,13,1
30187,short_baseline,13,13,True,2655.134152,204.24108861538463,9915.670753978706,100,98,13,3
30188,baseline,16,16,True,3145.761032,196.6100645,12943.805158462268,79,73,16,3
30188,shared_probe,16,16,True,2835.82769,177.239230625,10939.13845104762,94,89,16,3
30188,short_baseline,16,16,True,2780.962863,173.8101789375,10954.814312703455,85,82,16,1
30189,baseline,11,11,True,3051.190857,277.380987,11585.95428895223,114,109,11,0
30189,shared_probe,11,11,True,2979.269177,270.8426524545455,11001.345893288088,120,115,11,3
30189,short_baseline,11,11,True,2917.113346,265.1921223636364,10975.566734677283,111,109,11,1
30190,baseline,10,10,True,2625.165974,262.5165974,9375.82987569522,116,111,10,3
30190,shared_probe,10,10,True,2539.417212,253.9417212,8997.086060865047,116,107,10,1
30190,short_baseline,10,10,True,2597.952081,259.79520809999997,9299.760405231911,114,109,10,3
30191,baseline,13,13,True,2670.647711,205.43443930769232,10203.238553351375,94,89,13,2
30191,shared_probe,13,13,True,2619.021023,201.4631556153846,9625.105114107117,104,97,13,4
30191,short_baseline,13,13,True,2550.686595,196.20666115384617,9603.43297602015,92,87,13,6
30192,baseline,12,12,True,2887.238022,240.6031685,10991.190104124615,103,99,12,5
30192,shared_probe,12,12,True,2825.372861,235.44773841666665,10796.864315918263,101,98,12,1
30192,short_baseline,12,12,True,2625.670049,218.80583741666666,10108.350254142822,91,89,12,0
30193,baseline,11,11,True,2781.229515,252.83904681818183,10276.14756708088,111,104,11,4
30193,shared_probe,11,11,True,2568.775595,233.5250540909091,9473.877974101106,104,96,11,1
30193,short_baseline,11,11,True,2497.390423,227.03549299999997,9386.952133306531,94,89,11,2
30194,baseline,10,10,True,2793.423027,279.3423027,10297.115127221812,114,108,10,2
30194,shared_probe,10,10,True,2604.548936,260.4548936,9522.744683072711,108,104,10,2
30194,short_baseline,10,10,True,2683.375534,268.3375534,10156.877676405733,101,97,10,0
30195,baseline,16,16,True,2781.603635,173.8502271875,11493.018164356312,67,65,16,1
30195,shared_probe,16,16,True,2688.161874,168.010117125,10020.809378493996,100,92,16,4
30195,short_baseline,16,16,True,2528.509235,158.0318271875,10062.546172257644,72,67,16,3
30196,baseline,12,12,True,3155.015468,262.91795566666667,12180.077342222547,110,106,12,1
30196,shared_probe,12,12,True,2879.954443,239.99620358333334,10784.772223269078,110,101,12,4
30196,short_baseline,12,12,True,2787.130315,232.2608595833333,10810.651594730534,94,89,12,2
30197,baseline,12,12,True,3091.603168,257.63359733333334,11908.015842909217,108,101,12,3
30197,shared_probe,12,12,True,3038.660676,253.221723,11438.303387172702,114,112,12,3
30197,short_baseline,12,12,True,3264.237557,272.0197964166667,13021.187786518807,99,96,12,3
30198,baseline,13,13,True,3158.893635,242.99181807692307,12424.468176486664,101,98,13,2
30198,shared_probe,13,13,True,3104.641274,238.81855953846156,11948.206369490958,107,103,13,4
30198,short_baseline,13,13,True,2917.811012,224.44700092307693,11299.055051165024,98,94,13,3
30199,baseline,10,10,True,2719.562751,271.95627509999997,10142.81376292112,107,100,10,2
30199,shared_probe,10,10,True,2639.049303,263.9049303,9505.246526893183,114,106,10,4
30199,short_baseline,10,10,True,2534.176874,253.41768740000003,9295.884369160533,104,99,10,2
30200,baseline,15,15,True,3060.627899,204.04185993333334,11883.13949436622,99,93,15,7
30200,shared_probe,15,15,True,2764.731677,184.31544513333336,10418.658378550394,102,96,15,0
30200,short_baseline,15,15,True,2720.573723,181.37158153333334,10482.868608357767,91,88,15,2
30201,baseline,11,11,True,2902.696652,263.8815138181818,10773.483257528567,115,109,11,3
30201,shared_probe,11,11,True,2940.638544,267.33077672727273,10713.19273030636,123,116,11,4
30201,short_baseline,11,11,True,2921.165862,265.5605329090909,10950.829315668632,113,108,11,1
30202,baseline,15,15,True,3104.393066,206.95953773333335,12161.965336830684,98,89,15,6
30202,shared_probe,15,15,True,2906.895824,193.79305493333334,10834.479139600724,109,105,15,5
30202,short_baseline,15,15,True,2803.864248,186.9242832,10824.32123757057,93,90,15,3
30203,baseline,16,16,True,2885.46904,180.341815,11287.345193361305,90,77,16,7
30203,shared_probe,16,16,True,3137.307187,196.0816991875,12166.535936186847,103,97,16,4
30203,short_baseline,16,16,True,2675.363448,167.2102155,11041.817246148259,63,60,16,4
30204,baseline,12,12,True,2983.722525,248.64354375000002,11523.612626263977,101,96,12,6
30204,shared_probe,12,12,True,2705.391481,225.44929008333335,10211.957419036424,101,95,12,1
30204,short_baseline,12,12,True,2693.101683,224.42514025,10305.508439414309,95,91,12,2
30205,baseline,16,16,True,2959.685425,184.9803390625,11593.42712219206,93,84,16,4
30205,shared_probe,16,16,True,2427.430637,151.7144148125,9217.153173086775,82,76,16,6
30205,short_baseline,16,16,True,2702.951185,168.9344490625,10549.755929285933,85,79,16,3
30206,baseline,15,15,True,3061.347796,204.08985306666668,12146.738987311059,93,86,15,2
30206,shared_probe,15,15,True,3031.982588,202.13217253333332,11604.912953611449,104,98,15,6
30206,short_baseline,15,15,True,2955.243915,197.01626100000001,11676.219560651742,89,88,15,4
30207,baseline,15,15,True,3126.192503,208.41283353333336,12160.962517781973,101,96,15,6
30207,shared_probe,15,15,True,3065.220711,204.34804739999998,11841.103560215755,104,99,15,1
30207,short_baseline,15,15,True,3013.116775,200.87445166666666,11845.583878995441,94,93,15,2
30208,baseline,12,12,True,2733.5657,227.79714166666668,10382.82850128084,98,95,12,4
30208,shared_probe,12,12,True,2681.572317,223.46435975,10072.861589558075,101,99,12,1
30208,short_baseline,12,12,True,2669.096134,222.42467783333333,10125.48066419698,96,92,12,4
30209,baseline,16,16,True,3150.613838,196.913364875,12788.069199090782,84,78,16,5
30209,shared_probe,16,16,True,2730.90847,170.681779375,10734.542343031264,83,80,16,3
30209,short_baseline,16,16,True,2644.040324,165.25252025,10345.201627911056,81,78,16,4
30210,baseline,13,13,True,2952.717286,227.13209892307694,11398.586433644525,101,97,13,2
30210,shared_probe,13,13,True,2855.48943,219.6530330769231,10602.447153302828,111,103,13,4
30210,short_baseline,13,13,True,2815.807212,216.60055476923077,10819.036060103917,98,94,13,1
30211,baseline,14,14,True,3287.140916,234.79577971428571,12905.704584851703,104,98,14,6
30211,shared_probe,14,14,True,3191.233532,227.9452522857143,12446.167676080771,105,101,14,2
30211,short_baseline,14,14,True,3116.487693,222.60626378571428,12327.438464465624,96,92,14,3
30212,baseline,13,13,True,3329.528441,256.11757238461536,13082.642203633222,108,102,13,2
30212,shared_probe,13,13,True,3194.226506,245.70973123076922,12371.132548339137,110,105,13,0
30212,short_baseline,13,13,True,3076.060992,236.62007630769233,12185.304964370218,96,94,13,0
30213,baseline,11,11,True,3083.529452,280.3208592727273,11697.647261880846,115,108,11,2
30213,shared_probe,11,11,True,2925.001481,265.90922554545455,10880.00740758404,116,114,11,0
30213,short_baseline,11,11,True,2923.617204,265.7833821818182,10948.086024886661,113,111,11,1
30214,baseline,11,11,True,3064.663345,278.60575863636365,11833.316720090992,106,101,11,4
30214,shared_probe,11,11,True,2822.510893,256.5918993636364,10737.554471618565,104,100,11,0
30214,short_baseline,11,11,True,2766.93325,251.53938636363637,10679.66625056876,96,93,11,1
30215,baseline,11,11,True,3013.730415,273.97549227272725,11438.652069341082,110,103,11,6
30215,shared_probe,11,11,True,2947.980367,267.9982151818182,11154.901842516485,111,104,11,1
30215,short_baseline,11,11,True,2723.142859,247.55844172727274,10235.714294400188,103,100,11,2
30216,baseline,10,10,True,2972.09269,297.209269,11170.46345071314,114,106,10,4
30216,shared_probe,10,10,True,2921.151699,292.1151699,10935.758501369803,113,107,10,4
30216,short_baseline,10,10,True,2908.413599,290.8413599,11057.06801165534,107,103,10,3
30217,baseline,10,10,True,2801.937872,280.1937872,10379.689357706236,113,102,10,3
30217,shared_probe,10,10,True,2625.802992,262.5802992,9284.014966518722,118,114,10,5
30217,short_baseline,10,10,True,2540.681598,254.06815980000002,9193.407987384582,108,103,10,3
30218,baseline,12,12,True,3011.421299,250.95177491666666,11402.106497610906,109,105,12,7
30218,shared_probe,12,12,True,2867.899922,238.99166016666666,10634.499604173958,112,109,12,4
30218,short_baseline,12,12,True,2789.577219,232.46476825,10617.88611503692,101,98,12,1
30219,baseline,11,11,True,2922.328154,265.6661958181818,11146.640770147562,106,102,11,2
30219,shared_probe,11,11,True,2789.171512,253.56104654545453,10310.857564817305,112,106,11,2
30219,short_baseline,11,11,True,3053.939246,277.63084054545453,11514.696243760547,116,113,11,1
30220,baseline,14,14,True,3534.53869,252.46704928571427,14102.693450877627,106,99,14,5
30220,shared_probe,14,14,True,3011.184212,215.0845865714286,11455.921063634274,109,105,14,0
30220,short_baseline,14,14,True,3054.802225,218.20015892857143,12054.011111917302,96,94,14,0
30221,baseline,13,13,True,3045.4733,234.26717692307693,11567.366504085212,111,103,13,3
30221,shared_probe,13,13,True,2723.671519,209.51319376923078,9888.357591432432,113,107,13,3
30221,short_baseline,13,13,True,2666.422142,205.10939553846154,9922.110712684133,102,98,13,3
30222,baseline,16,16,True,3510.489403,219.4055876875,14372.447029315192,92,84,16,4
30222,shared_probe,16,16,True,3140.720338,196.295021125,12363.60169934835,99,93,16,0
30222,short_baseline,16,16,True,3114.59098,194.66193625,12422.954886514943,91,89,16,2
30223,baseline,15,15,True,2902.875005,193.52500033333334,11514.375013202143,87,84,15,2
30223,shared_probe,15,15,True,2856.987523,190.46583486666665,10894.937618628966,98,95,15,6
30223,short_baseline,15,15,True,2732.350441,182.15669606666668,10836.75220940196,80,75,15,5
30224,baseline,11,11,True,3015.570162,274.142742,11527.850811957172,109,104,11,2
30224,shared_probe,11,11,True,2900.253422,263.659402,10996.267117581538,108,103,11,1
30224,short_baseline,11,11,True,2970.755532,270.06868472727274,11168.777667246251,114,109,11,1
30225,baseline,11,11,True,2833.603697,257.6003360909091,10618.018460274776,108,103,11,4
30225,shared_probe,11,11,True,2624.256211,238.56874645454545,9561.28105496251,109,103,11,3
30225,short_baseline,11,11,True,2544.931982,231.3574529090909,9554.659912704888,97,94,11,0
30226,baseline,11,11,True,3110.491806,282.77198236363637,11997.459035554322,108,101,11,5
30226,shared_probe,11,11,True,2979.627514,270.87522854545455,11268.137569783017,111,107,11,3
30226,short_baseline,11,11,True,2906.477299,264.225209,11257.386491013058,100,97,11,1
30227,baseline,11,11,True,2609.404863,237.21862390909092,9502.02431064174,109,106,11,1
30227,shared_probe,11,11,True,2612.780643,237.52551300000002,9583.903223168558,108,101,11,0
30227,short_baseline,11,11,True,2494.465584,226.76959854545456,9077.327934648327,105,99,11,0
30228,baseline,16,16,True,2670.333582,166.895848875,10621.667900380968,76,71,16,5
30228,shared_probe,16,16,True,2758.310483,172.3944051875,10381.552423088286,100,96,16,2
30228,short_baseline,16,16,True,2564.710052,160.29437825,10158.550273861867,75,72,16,2
30229,baseline,11,11,True,2869.444025,260.8585477272727,10802.220123657506,109,103,11,2
30229,shared_probe,11,11,True,2839.602392,258.145672,10398.011971593694,117,111,11,3
30229,short_baseline,11,11,True,2778.048825,252.54989318181816,10600.24412092991,100,97,11,2
30230,baseline,16,16,True,3267.080032,204.192502,13590.400162213751,78,76,16,1
30230,shared_probe,16,16,True,2824.577888,176.536118,11172.88944054506,84,78,16,4
30230,short_baseline,16,16,True,2920.37483,182.523426875,11951.874144184032,75,72,16,1
30231,baseline,12,12,True,2905.360761,242.11339675,10921.803793387135,110,102,12,3
30231,shared_probe,12,12,True,2881.05382,240.08781833333333,10500.269103487462,121,113,12,1
30231,short_baseline,12,12,True,2858.298619,238.19155158333334,10656.493079138014,111,106,12,2
30232,baseline,10,10,True,2879.792329,287.9792329,10888.961647785858,109,101,10,2
30232,shared_probe,10,10,True,2825.607114,282.5607114,10623.03557248258,109,103,10,1
30232,short_baseline,10,10,True,2634.206572,263.4206572,9766.032850696254,105,100,10,2
30233,baseline,15,15,True,2683.785683,178.91904553333333,10393.928415868877,86,82,15,6
30233,shared_probe,15,15,True,2543.561066,169.57073773333335,9657.805332090611,89,83,15,3
30233,short_baseline,15,15,True,2429.353224,161.9568816,9546.766109915421,72,67,15,6
30234,baseline,15,15,True,3052.774034,203.51826893333333,11853.870164561775,100,95,15,4
30234,shared_probe,15,15,True,2999.506539,199.9671026,11337.532702868875,109,103,15,3
30234,short_baseline,15,15,True,3021.693944,201.44626293333334,11908.469732867881,93,91,15,3
30235,baseline,14,14,True,3060.203355,218.58595392857143,11596.016767263987,108,101,14,10
30235,shared_probe,14,14,True,2785.129365,198.93781178571427,10525.646824194517,101,96,14,3
30235,short_baseline,14,14,True,2613.759941,186.69713864285714,10203.799700282123,84,80,14,1
30236,baseline,16,16,True,3071.984362,191.999022625,12369.921820807867,86,79,16,3
30236,shared_probe,16,16,True,3015.694896,188.480931,11563.47448055341,103,99,16,3
30236,short_baseline,16,16,True,2660.295146,166.268446625,10426.475730520808,82,79,16,2
30237,baseline,16,16,True,3236.882732,202.30517075,13134.413655501303,89,82,16,1
30237,shared_probe,16,16,True,3010.572741,188.1607963125,11967.863710452379,90,84,16,1
30237,short_baseline,16,16,True,2986.018591,186.6261619375,12090.09295299362,81,77,16,2
30238,baseline,10,10,True,2863.101936,286.3101936,10775.509683694045,109,104,10,3
30238,shared_probe,10,10,True,2783.076522,278.3076522,10285.38261513379,113,108,10,1
30238,short_baseline,10,10,True,2732.483995,273.2483995,10337.41997732069,103,100,10,0
30239,baseline,13,13,True,3247.148228,249.78063292307692,12315.741155626538,118,111,13,6
30239,shared_probe,13,13,True,3010.744265,231.59571269230767,11098.721326708803,121,112,13,3
30239,short_baseline,13,13,True,2943.153342,226.39641092307693,11065.766713953992,110,106,13,3
30240,baseline,16,16,True,3669.042999,229.3151874375,15025.214997137045,96,89,16,5
30240,shared_probe,16,16,True,3482.529584,217.658099,13722.647920216974,108,97,16,7
30240,short_baseline,16,16,True,3370.331422,210.645713875,13606.657115672928,93,89,16,5
30241,baseline,15,15,True,3090.69862,206.0465746666667,11953.493097610668,104,99,15,2
30241,shared_probe,15,15,True,3035.461936,202.36412906666666,11667.309677076262,105,99,15,1
30241,short_baseline,15,15,True,2885.616037,192.37440246666665,11273.080192048648,92,90,15,2
30242,baseline,12,12,True,2836.246834,236.35390283333334,11041.23417938394,95,90,12,1
30242,shared_probe,12,12,True,2718.472425,226.53936875,10272.362126544112,101,96,12,1
30242,short_baseline,12,12,True,2579.399913,214.94999275,9956.99957220228,88,85,12,1
30243,baseline,16,16,True,2807.659977,175.4787485625,11403.29986941883,73,67,16,5
30243,shared_probe,16,16,True,2692.257408,168.266088,10076.287039852086,99,93,16,3
30243,short_baseline,16,16,True,2803.816484,175.23853025,10944.082424354567,89,84,16,2
30244,baseline,16,16,True,2626.664953,164.1665595625,10153.324771394837,85,82,16,3
30244,shared_probe,16,16,True,2909.794856,181.8621785,11083.974281594055,102,94,16,3
30244,short_baseline,16,16,True,2762.110842,172.631927625,11015.554219023265,78,77,16,4
30245,baseline,12,12,True,2852.80503,237.7337525,10834.025148256345,102,95,12,7
30245,shared_probe,12,12,True,2611.980142,217.66501183333332,9769.900706556738,100,95,12,1
30245,short_baseline,12,12,True,2579.658621,214.97155175,9823.293096527328,91,88,12,4
30246,baseline,14,14,True,3030.838377,216.48845550000001,11719.191899956035,100,93,14,8
30246,shared_probe,14,14,True,2629.260374,187.80431242857142,9796.301889897013,99,96,14,3
30246,short_baseline,14,14,True,2660.649558,190.046397,10098.24779109596,92,87,14,8
30247,baseline,11,11,True,2861.150158,260.1045598181818,11055.750790943066,98,93,11,4
30247,shared_probe,11,11,True,2617.853249,237.98665899999997,9744.266237509595,102,98,11,2
30247,short_baseline,11,11,True,2453.178389,223.0162171818182,9165.891930564643,95,90,11,0
30248,baseline,12,12,True,3044.850471,253.73753925000003,11909.252350654064,100,94,12,3
30248,shared_probe,12,12,True,2855.831476,237.98595633333332,10629.157386989125,112,107,12,1
30248,short_baseline,12,12,True,2988.068344,249.0056953333333,11610.341722929541,101,98,12,1
30249,baseline,14,14,True,3114.156097,222.43972121428573,11840.780503322152,112,104,14,4
30249,shared_probe,14,14,True,2859.887705,204.27769321428573,10774.438510420086,105,101,14,3
30249,short_baseline,14,14,True,2849.37861,203.52704357142858,10951.893065971353,96,94,14,5
30250,baseline,16,16,True,3288.700063,205.5437539375,13063.500317815044,99,95,16,2
30250,shared_probe,16,16,True,3140.739442,196.296215125,12653.697213830947,89,85,16,0
30250,short_baseline,16,16,True,3073.410525,192.0881578125,12362.052642969858,85,81,16,5
30251,baseline,11,11,True,2881.853505,261.98668227272725,11054.26751933513,101,96,11,5
30251,shared_probe,11,11,True,2463.912019,223.9920017272727,8819.560089029244,108,102,11,1
30251,short_baseline,11,11,True,2440.030119,221.82091990909092,8790.150583086486,104,101,11,2
30252,baseline,15,15,True,3240.047677,216.00317846666667,12925.23837781004,97,92,15,1
30252,shared_probe,15,15,True,3190.1112,212.67407999999998,12560.555995050996,100,94,15,3
30252,short_baseline,15,15,True,3130.767499,208.71783326666667,12808.837487257359,81,77,15,4
30253,baseline,13,13,True,3303.465393,254.11272253846153,12837.326961809418,112,102,13,3
30253,shared_probe,13,13,True,3112.001321,239.38471700000002,11755.006607897882,116,104,13,4
30253,short_baseline,13,13,True,2995.669576,230.4361212307692,11678.34787193103,99,94,13,2
30254,baseline,12,12,True,3027.21559,252.2679658333333,11781.07795470585,103,96,12,0
30254,shared_probe,12,12,True,2743.675637,228.63963641666666,10148.378194582066,109,103,12,2
30254,short_baseline,12,12,True,2847.878661,237.32322175000002,10999.393297909795,98,95,12,1
30255,baseline,13,13,True,2702.337477,207.87211361538462,10476.687382700251,90,83,13,3
30255,shared_probe,13,13,True,2593.97196,199.5363046153846,9334.859804140622,109,105,13,4
30255,short_baseline,13,13,True,2576.882087,198.221699,9534.410445496205,100,96,13,3
30256,baseline,11,11,True,2689.854457,244.53222336363635,9904.27228435453,110,104,11,0
30256,shared_probe,11,11,True,2600.788619,236.435329,9218.943096375175,117,108,11,3
30256,short_baseline,11,11,True,2476.206966,225.1097241818182,8941.034824142673,105,99,11,3
30257,baseline,10,10,True,2932.276034,293.2276034,11326.380178262005,103,99,10,1
30257,shared_probe,10,10,True,2765.033001,276.5033001,10275.165008057786,110,107,10,1
30257,short_baseline,10,10,True,2741.580373,274.1580373,10342.90185267335,104,100,10,1
30258,baseline,12,12,True,2909.214384,242.434532,11311.071916060573,98,94,12,1
30258,shared_probe,12,12,True,2802.078837,233.50656975,10400.39418654801,111,104,12,1
30258,short_baseline,12,12,True,2793.483879,232.79032325,10552.419399487735,103,99,12,3
30259,baseline,14,14,True,2988.785877,213.4847055,11598.929390631769,98,94,14,5
30259,shared_probe,14,14,True,2818.370031,201.31214507142857,10516.850161090399,107,98,14,4
30259,short_baseline,14,14,True,2824.365348,201.74038199999998,10821.826731942414,98,94,14,2
30260,baseline,14,14,True,2816.843247,201.20308907142856,10779.216241716738,98,92,14,3
30260,shared_probe,14,14,True,2748.278544,196.30561028571427,9851.392725530788,117,111,14,4
30260,short_baseline,14,14,True,2667.793225,190.5566589285714,9853.966123452828,103,100,14,4
30261,baseline,15,15,True,2933.648727,195.57658179999999,11588.243635651212,91,86,15,0
30261,shared_probe,15,15,True,2701.466385,180.09775900000002,10122.331943346253,100,93,15,3
30261,short_baseline,15,15,True,2603.620939,173.57472926666665,10133.104682531346,84,79,15,1
30262,baseline,14,14,True,3056.758651,218.33990364285714,11853.793255167782,102,97,14,3
30262,shared_probe,14,14,True,2846.371989,203.31228492857144,10801.859947607152,103,98,14,1
30262,short_baseline,14,14,True,2824.777119,201.7697942142857,10963.88559779738,93,91,14,2
30263,baseline,16,16,True,3421.587296,213.849206,13802.93648389338,96,86,16,5
30263,shared_probe,16,16,True,2826.619045,176.6636903125,10688.09522298635,101,92,16,4
30263,short_baseline,16,16,True,3011.861972,188.24137325,12099.309854582138,86,82,16,0
30264,baseline,10,10,True,2941.926024,294.1926024,11189.630116270411,109,106,10,1
30264,shared_probe,10,10,True,2695.619769,269.5619769,9813.098850706936,114,110,10,1
30264,short_baseline,10,10,True,2676.954763,267.6954763,9854.773818534879,109,105,10,2
30265,baseline,11,11,True,2666.529537,242.4117760909091,9972.647701308746,103,96,11,2
30265,shared_probe,11,11,True,2732.496429,248.40876627272726,9962.482151696022,114,106,11,3
30265,short_baseline,11,11,True,2509.651647,228.15014972727275,9283.258231358497,100,95,11,1
30266,baseline,15,15,True,3283.323703,218.88824686666666,12941.618516300516,102,95,15,5
30266,shared_probe,15,15,True,3063.417753,204.2278502,11852.088767475487,102,96,15,4
30266,short_baseline,15,15,True,2992.436839,199.49578926666666,12002.184190873133,87,82,15,0
30267,baseline,12,12,True,2689.60978,224.13414833333331,10208.048899162071,98,95,12,1
30267,shared_probe,12,12,True,2616.426369,218.03553075,9352.131856146145,114,107,12,3
30267,short_baseline,12,12,True,2529.531158,210.79426316666664,9332.655802406047,100,97,12,2
30268,baseline,10,10,True,2958.732738,295.8732738,11268.663707965101,109,104,10,2
30268,shared_probe,10,10,True,2738.803513,273.8803513,9649.017562889714,125,119,10,5
30268,short_baseline,10,10,True,2660.4815,266.04814999999996,9622.407504393555,114,110,10,2
30269,baseline,16,16,True,3346.286175,209.1428859375,13831.43088145996,83,76,16,3
30269,shared_probe,16,16,True,3224.479557,201.5299723125,12647.397790759449,102,96,16,3
30269,short_baseline,16,16,True,3165.142148,197.82138425,12725.710730741843,89,86,16,3
30270,baseline,15,15,True,2928.903658,195.26024386666668,11399.518300799113,96,88,15,2
30270,shared_probe,15,15,True,2894.023537,192.93490246666667,11275.117700688508,94,88,15,2
30270,short_baseline,15,15,True,2803.526657,186.90177713333333,11172.633298790479,81,77,15,4
30271,baseline,16,16,True,2956.290151,184.7681344375,11591.450748727737,93,87,16,2
30271,shared_probe,16,16,True,2815.804932,175.98780825,10754.024668538203,98,92,16,1
30271,short_baseline,16,16,True,2913.245026,182.077814125,11616.225138278165,85,82,16,1
30272,baseline,10,10,True,2910.696838,291.0696838,10973.484189932851,111,105,10,2
30272,shared_probe,10,10,True,2578.110227,257.8110227,9320.551137386603,110,105,10,3
30272,short_baseline,10,10,True,2506.274568,250.62745679999998,9336.372834590427,99,94,10,0
30273,baseline,10,10,True,2609.017099,260.9017099,9945.085484144125,96,90,10,0
30273,shared_probe,10,10,True,2508.127107,250.81271069999997,9240.635538717108,102,97,10,1
30273,short_baseline,10,10,True,2485.012019,248.50120189999998,9275.060096822528,97,92,10,1
30274,baseline,10,10,True,2744.482649,274.4482649,10212.413244723923,109,104,10,1
30274,shared_probe,10,10,True,2861.754018,286.17540180000003,10343.770094168332,124,117,10,2
30274,short_baseline,10,10,True,2819.802867,281.98028669999997,10424.01433972925,114,109,10,2
30275,baseline,11,11,True,2798.716181,254.42874372727272,10158.580906120362,119,114,11,1
30275,shared_probe,11,11,True,2652.752036,241.15927599999998,9318.760184524277,123,116,11,1
30275,short_baseline,11,11,True,2643.873284,240.35211672727272,9359.366422030642,119,116,11,2
30276,baseline,15,15,True,3167.705575,211.18037166666667,12248.527877330202,104,99,15,8
30276,shared_probe,15,15,True,2988.896785,199.25978566666666,11409.483923242784,105,101,15,2
30276,short_baseline,15,15,True,3066.78428,204.45228533333332,12283.921402071575,88,86,15,3
30277,baseline,10,10,True,2739.318801,273.9318801,10076.594011901414,112,108,10,2
30277,shared_probe,10,10,True,2699.51833,269.95183299999997,9592.591650513581,121,117,10,3
30277,short_baseline,10,10,True,2649.086582,264.9086582,9565.432899061094,114,110,10,2
30278,baseline,12,12,True,2762.089322,230.17411016666665,10455.446614574952,101,97,12,3
30278,shared_probe,12,12,True,2615.652757,217.97106308333332,9743.263787154043,101,96,12,2
30278,short_baseline,12,12,True,2591.783031,215.98191925,9718.91514269536,98,95,12,1
30279,baseline,15,15,True,3067.955758,204.53038386666668,12349.778778656411,86,81,15,4
30279,shared_probe,15,15,True,3039.168374,202.61122493333332,11835.84187428142,99,93,15,3
30279,short_baseline,15,15,True,2912.475979,194.16506526666666,11652.379887658788,84,81,15,2
30280,baseline,13,13,True,2860.384987,220.02961438461537,10891.92493624279,103,99,13,1
30280,shared_probe,13,13,True,2928.983147,225.3063959230769,10959.915750282,112,100,13,4
30280,short_baseline,13,13,True,2804.239034,215.71069492307694,10976.19517503156,90,88,13,2
30281,baseline,12,12,True,3286.390516,273.86587633333335,12701.952575577387,114,101,12,5
30281,shared_probe,12,12,True,3031.16998,252.59749833333333,11415.84990699637,114,109,12,3
30281,short_baseline,12,12,True,3027.014223,252.25118525000002,11585.071119203429,107,103,12,4
30282,baseline,15,15,True,2987.316054,199.1544036,11591.58027342186,99,96,15,1
30282,shared_probe,15,15,True,2941.826364,196.1217576,11219.131818758915,104,100,15,1
30282,short_baseline,15,15,True,2886.122391,192.4081594,11370.611961033323,89,86,15,2
30283,baseline,11,11,True,2661.57271,241.96115545454543,9842.863547979763,106,102,11,2
30283,shared_probe,11,11,True,2567.547636,233.41342145454544,9262.738179665015,110,107,11,1
30283,short_baseline,11,11,True,2537.115557,230.64686881818182,9335.577777394974,103,100,11,0
30284,baseline,15,15,True,2915.248295,194.34988633333333,11391.241471221061,93,85,15,4
30284,shared_probe,15,15,True,2665.251311,177.68342073333332,10036.256565859036,96,91,15,4
30284,short_baseline,15,15,True,2590.0827,172.67218,10115.413503707943,81,75,15,4
30285,baseline,11,11,True,2944.774937,267.70681245454546,10988.874687128036,114,107,11,5
30285,shared_probe,11,11,True,2912.090627,264.73551154545453,10760.453135951728,118,109,11,2
30285,short_baseline,11,11,True,2685.855609,244.16869172727274,9969.27803945797,105,100,11,4
30286,baseline,12,12,True,2848.565478,237.3804565,10707.827395990133,107,100,12,4
30286,shared_probe,12,12,True,2805.022558,233.75187983333333,10250.1127877556,114,107,12,6
30286,short_baseline,12,12,True,2689.05574,224.08797833333333,10065.278711266938,102,100,12,2
30287,baseline,12,12,True,3084.76605,257.06383750000003,12123.830254018983,99,93,12,4
30287,shared_probe,12,12,True,2606.352747,217.19606224999998,9646.763725899084,103,99,12,1
30287,short_baseline,12,12,True,2763.818858,230.31823816666667,10414.094299518982,103,100,12,2
30288,baseline,16,16,True,3195.629655,199.7268534375,12738.148272498329,94,86,16,4
30288,shared_probe,16,16,True,2826.254081,176.6408800625,10821.27040819977,97,91,16,2
30288,short_baseline,16,16,True,2781.935399,173.8709624375,10824.676994521951,88,85,16,4
30289,baseline,14,14,True,2900.281037,207.16293121428572,11531.405183924006,88,81,14,1
30289,shared_probe,14,14,True,2995.603626,213.9716875714286,11618.018130950844,100,96,14,2
30289,short_baseline,14,14,True,2811.469062,200.8192187142857,11102.345314677175,87,83,14,1
30290,baseline,15,15,True,3269.752579,217.98350526666667,12858.762897974539,105,95,15,1
30290,shared_probe,15,15,True,2799.053353,186.60355686666665,10565.26676778594,102,98,15,1
30290,short_baseline,15,15,True,2611.391569,174.09277126666666,9976.957853529804,89,87,15,3
30291,baseline,12,12,True,2916.071833,243.00598608333334,11005.359169107833,109,104,12,2
30291,shared_probe,12,12,True,2840.481107,236.70675891666667,10382.405541872158,117,113,12,2
30291,short_baseline,12,12,True,2834.965882,236.24715683333332,10539.829409440033,110,108,12,3
30292,baseline,13,13,True,2869.361276,220.72009815384615,11131.806390612606,95,91,13,4
30292,shared_probe,13,13,True,2954.363705,227.25874653846157,11021.818523927248,112,110,13,5
30292,short_baseline,13,13,True,2703.586907,207.9682236153846,10432.934545381093,91,88,13,3
30293,baseline,10,10,True,2846.120642,284.61206419999996,10730.603200974208,107,103,10,4
30293,shared_probe,10,10,True,2727.961967,272.7961967,10099.80984252743,109,107,10,2
30293,short_baseline,10,10,True,2770.827021,277.0827021,10409.135108512126,105,102,10,4
30294,baseline,12,12,True,3154.076214,262.83968450000003,12435.381071355561,100,95,12,4
30294,shared_probe,12,12,True,2920.243668,243.35363900000002,11221.218345467676,103,98,12,1
30294,short_baseline,12,12,True,2859.765111,238.31375925,11133.825556514332,95,92,12,2
30295,baseline,16,16,True,2525.201445,157.8250903125,10361.00723042487,62,57,16,2
30295,shared_probe,16,16,True,2658.99146,166.18696625,10704.957293764353,73,70,16,1
30295,short_baseline,16,16,True,2543.672248,158.9795155,10503.361240429896,61,58,16,0
30296,baseline,15,15,True,2947.484503,196.49896686666668,11522.422521855244,94,86,15,4
30296,shared_probe,15,15,True,2694.542043,179.63613619999998,10127.710226442716,99,96,15,1
30296,short_baseline,15,15,True,2681.222388,178.7481592,10311.111937952655,88,83,15,7
30297,baseline,11,11,True,2793.608696,253.9644269090909,10588.04348983719,103,97,11,3
30297,shared_probe,11,11,True,2680.072787,243.64298063636363,9710.363931258666,113,106,11,4
30297,short_baseline,11,11,True,2589.065679,235.36960718181817,9825.32839597669,94,90,11,3
30298,baseline,13,13,True,3272.332595,251.7178919230769,12881.662976970423,104,96,13,5
30298,shared_probe,13,13,True,2792.926815,214.8405242307692,10289.634063674299,110,105,13,5
30298,short_baseline,13,13,True,2843.057242,218.69671092307692,10910.286211966159,97,93,13,6
30299,baseline,10,10,True,2615.702605,261.5702605,9538.513026808412,109,101,10,4
30299,shared_probe,10,10,True,2497.285517,249.72855169999997,8956.427583413886,109,105,10,2
30299,short_baseline,10,10,True,2444.922256,244.49222559999998,9109.611290330518,96,90,10,1
