channel,x,y,radius
3,686.509766,585.531447,1237.927934
6,1673.892704,420.812309,1151.173262
7,-974.943797,569.991673,1179.266895
8,-1233.453987,432.334821,1030.177569
9,-280.022095,666.820282,1037.970116
10,70.543287,-625.615549,1115.170368
11,-1471.516951,-422.402881,1237.92845
12,1289.961252,-324.253216,1047.716879
13,470.134169,-379.581064,1153.552611
14,-167.067763,-645.826104,1149.368672
15,-70.15903,-1563.364604,1237.037571
16,351.023219,-1358.803043,1074.03577
18,632.484116,427.471484,1337.892575
