step,action,channel,x,y,result,bearing_deg,virtual_time_s
1,measure,1,0.0,0.0,no_signal,,5.0
2,measure,2,0.0,0.0,no_signal,,11.0
3,measure,3,0.0,0.0,no_signal,,17.0
4,measure,4,0.0,0.0,no_signal,,23.0
5,measure,5,0.0,0.0,no_signal,,29.0
6,measure,6,0.0,0.0,direction,245.03,35.0
7,measure,7,0.0,0.0,direction,16.17,41.0
8,measure,8,0.0,0.0,no_signal,,47.0
9,measure,9,0.0,0.0,no_signal,,53.0
10,measure,10,0.0,0.0,direction,227.03,59.0
11,measure,11,0.0,0.0,no_signal,,65.0
12,measure,12,0.0,0.0,no_signal,,71.0
13,measure,13,0.0,0.0,no_signal,,77.0
14,measure,14,0.0,0.0,no_signal,,83.0
15,measure,15,0.0,0.0,no_signal,,89.0
16,measure,16,0.0,0.0,no_signal,,95.0
17,measure,17,0.0,0.0,no_signal,,101.0
18,measure,18,0.0,0.0,no_signal,,107.0
19,measure,19,0.0,0.0,no_signal,,113.0
20,measure,20,0.0,0.0,direction,33.44,119.0
21,measure,10,4.39026416914056,-4.089691984142638,direction,226.71,126.2
22,measure,6,5.439173671177333,-2.5328619730990676,direction,244.56,132.575443
23,measure,7,-1.67092955532403,5.762637800620879,direction,15.26,140.760564
24,measure,20,-3.3063806378851552,5.0067801107516345,direction,32.83,147.120898
25,clear,7,355.72329260801666,109.94468982379969,success,,226.93113
26,clear,20,474.1628915145638,305.84936765119875,success,,277.716098
27,measure,1,900.0,450.0,direction,296.44,373.630868
28,measure,2,900.0,450.0,no_signal,,379.630868
29,measure,3,900.0,450.0,no_signal,,385.630868
30,measure,4,900.0,450.0,no_signal,,391.630868
31,measure,5,900.0,450.0,no_signal,,397.630868
32,measure,8,900.0,450.0,direction,115.62,403.630868
33,measure,9,900.0,450.0,no_signal,,409.630868
34,measure,11,900.0,450.0,no_signal,,415.630868
35,measure,12,900.0,450.0,no_signal,,421.630868
36,measure,13,900.0,450.0,no_signal,,427.630868
37,measure,14,900.0,450.0,no_signal,,433.630868
38,measure,15,900.0,450.0,no_signal,,439.630868
39,measure,16,900.0,450.0,no_signal,,445.630868
40,measure,17,900.0,450.0,direction,264.4,451.630868
41,measure,18,900.0,450.0,no_signal,,457.630868
42,measure,19,900.0,450.0,no_signal,,463.630868
43,measure,8,894.5899101294838,447.405596871545,direction,115.24,470.830868
44,measure,1,905.3724067684274,452.671562373323,direction,296.06,479.230807
45,measure,17,905.971364399891,449.4145026014451,direction,264.08,485.893142
46,measure,2,215.52,966.872,no_signal,,664.460271
47,measure,3,215.52,966.872,no_signal,,670.460271
48,measure,4,215.52,966.872,no_signal,,676.460271
49,measure,5,215.52,966.872,no_signal,,682.460271
50,measure,9,215.52,966.872,no_signal,,688.460271
51,measure,11,215.52,966.872,no_signal,,694.460271
52,measure,12,215.52,966.872,no_signal,,700.460271
53,measure,13,215.52,966.872,no_signal,,706.460271
54,measure,14,215.52,966.872,no_signal,,712.460271
55,measure,15,215.52,966.872,direction,22.82,718.460271
56,measure,16,215.52,966.872,no_signal,,724.460271
57,measure,18,215.52,966.872,no_signal,,730.460271
58,measure,19,215.52,966.872,no_signal,,736.460271
59,measure,15,150.0,900.0,direction,26.78,761.184303
60,measure,15,147.29660434800627,905.35645890013,direction,26.18,767.384303
61,measure,2,-600.0,750.0,no_signal,,926.039188
62,measure,3,-600.0,750.0,no_signal,,932.039188
63,measure,4,-600.0,750.0,no_signal,,938.039188
64,measure,5,-600.0,750.0,no_signal,,944.039188
65,measure,9,-600.0,750.0,no_signal,,950.039188
66,measure,11,-600.0,750.0,direction,196.64,956.039188
67,measure,12,-600.0,750.0,no_signal,,962.039188
68,measure,13,-600.0,750.0,no_signal,,968.039188
69,measure,14,-600.0,750.0,no_signal,,974.039188
70,measure,16,-600.0,750.0,no_signal,,980.039188
71,measure,18,-600.0,750.0,no_signal,,986.039188
72,measure,19,-600.0,750.0,no_signal,,992.039188
73,measure,11,-598.2818560014064,744.2512626429714,direction,196.3,999.239188
74,measure,2,-1050.0,0.0,no_signal,,1179.360895
75,measure,3,-1050.0,0.0,no_signal,,1185.360895
76,measure,4,-1050.0,0.0,no_signal,,1191.360895
77,measure,5,-1050.0,0.0,no_signal,,1197.360895
78,measure,9,-1050.0,0.0,direction,108.38,1203.360895
79,measure,12,-1050.0,0.0,no_signal,,1209.360895
80,measure,13,-1050.0,0.0,no_signal,,1215.360895
81,measure,14,-1050.0,0.0,no_signal,,1221.360895
82,measure,16,-1050.0,0.0,no_signal,,1227.360895
83,measure,18,-1050.0,0.0,no_signal,,1233.360895
84,measure,19,-1050.0,0.0,no_signal,,1239.360895
85,measure,9,-1055.6939168167976,-1.891906785068773,direction,108.04,1246.560895
86,clear,10,-735.3068759277525,-778.6781405724037,no_target_in_range,,1417.613828
87,clear,10,-732.2565318745679,-786.073774497714,no_target_in_range,,1422.213828
88,measure,10,-732.2565318745679,-786.073774497714,direction,213.9,1428.213828
89,clear,10,-764.6270109932873,-807.8258337479219,success,,1441.013828
90,measure,2,-600.0,-750.0,no_signal,,1481.911323
91,measure,3,-600.0,-750.0,no_signal,,1487.911323
92,measure,4,-600.0,-750.0,no_signal,,1493.911323
93,measure,5,-600.0,-750.0,no_signal,,1499.911323
94,measure,12,-600.0,-750.0,no_signal,,1505.911323
95,measure,13,-600.0,-750.0,no_signal,,1511.911323
96,measure,14,-600.0,-750.0,no_signal,,1517.911323
97,measure,16,-600.0,-750.0,no_signal,,1523.911323
98,measure,18,-600.0,-750.0,no_signal,,1529.911323
99,measure,19,-600.0,-750.0,no_signal,,1535.911323
100,clear,6,-309.16312667452405,-666.0416800719862,success,,1601.453899
101,measure,19,196.039,-971.151,no_signal,,1724.491331
102,measure,2,196.039,-971.151,no_signal,,1730.491331
103,measure,3,196.039,-971.151,no_signal,,1736.491331
104,measure,4,196.039,-971.151,no_signal,,1742.491331
105,measure,5,196.039,-971.151,no_signal,,1748.491331
106,measure,12,196.039,-971.151,no_signal,,1754.491331
107,measure,13,196.039,-971.151,no_signal,,1760.491331
108,measure,14,196.039,-971.151,no_signal,,1766.491331
109,measure,16,196.039,-971.151,no_signal,,1772.491331
110,measure,18,196.039,-971.151,no_signal,,1778.491331
111,clear,17,774.4739446782964,-631.3257189720479,no_target_in_range,,1915.665577
112,clear,17,795.1670942091079,-619.1686814013451,no_target_in_range,,1923.465577
113,measure,17,795.1670942091079,-619.1686814013451,direction,265.25,1929.465577
114,clear,17,791.9375741161318,-658.0347359987578,success,,1942.265577
115,measure,2,900.0,-450.0,no_signal,,1995.150943
116,measure,3,900.0,-450.0,no_signal,,2001.150943
117,measure,4,900.0,-450.0,no_signal,,2007.150943
118,measure,5,900.0,-450.0,no_signal,,2013.150943
119,measure,12,900.0,-450.0,no_signal,,2019.150943
120,measure,13,900.0,-450.0,no_signal,,2025.150943
121,measure,14,900.0,-450.0,no_signal,,2031.150943
122,measure,16,900.0,-450.0,no_signal,,2037.150943
123,measure,18,900.0,-450.0,no_signal,,2043.150943
124,measure,19,900.0,-450.0,direction,260.11,2049.150943
125,measure,19,905.9108359106361,-451.0305429818959,direction,259.57,2055.350943
126,clear,19,790.6559935750741,-1077.1591686551876,success,,2187.680552
127,measure,2,919.703,-1607.051,no_signal,,2302.756394
128,measure,3,919.703,-1607.051,no_signal,,2308.756394
129,measure,4,919.703,-1607.051,no_signal,,2314.756394
130,measure,5,919.703,-1607.051,no_signal,,2320.756394
131,measure,12,919.703,-1607.051,no_signal,,2326.756394
132,measure,13,919.703,-1607.051,no_signal,,2332.756394
133,measure,14,919.703,-1607.051,no_signal,,2338.756394
134,measure,16,919.703,-1607.051,no_signal,,2344.756394
135,measure,18,919.703,-1607.051,no_signal,,2350.756394
136,measure,18,1564.646,-961.959,no_signal,,2538.194895
137,measure,2,1564.646,-961.959,no_signal,,2544.194895
138,measure,3,1564.646,-961.959,no_signal,,2550.194895
139,measure,4,1564.646,-961.959,no_signal,,2556.194895
140,measure,5,1564.646,-961.959,no_signal,,2562.194895
141,measure,12,1564.646,-961.959,no_signal,,2568.194895
142,measure,13,1564.646,-961.959,no_signal,,2574.194895
143,measure,14,1564.646,-961.959,no_signal,,2580.194895
144,measure,16,1564.646,-961.959,no_signal,,2586.194895
145,clear,1,1312.1849207806702,-376.38535905645347,success,,2718.730472
146,measure,16,1839.453,-12.176,no_signal,,2851.896003
147,measure,2,1839.453,-12.176,direction,109.83,2857.896003
148,measure,3,1839.453,-12.176,no_signal,,2863.896003
149,measure,4,1839.453,-12.176,no_signal,,2869.896003
150,measure,5,1839.453,-12.176,no_signal,,2875.896003
151,measure,12,1839.453,-12.176,no_signal,,2881.896003
152,measure,13,1839.453,-12.176,no_signal,,2887.896003
153,measure,14,1839.453,-12.176,no_signal,,2893.896003
154,measure,18,1839.453,-12.176,no_signal,,2899.896003
155,measure,2,1800.0,0.0,direction,106.3,2914.153834
156,measure,2,1794.2411682481488,-1.6840002535247267,direction,105.64,2920.353834
157,clear,2,1662.7851788748087,501.7224510643624,success,,3029.411267
158,measure,3,1593.17,880.77,no_signal,,3112.488713
159,measure,4,1593.17,880.77,no_signal,,3118.488713
160,measure,5,1593.17,880.77,no_signal,,3124.488713
161,measure,12,1593.17,880.77,no_signal,,3130.488713
162,measure,13,1593.17,880.77,no_signal,,3136.488713
163,measure,14,1593.17,880.77,no_signal,,3142.488713
164,measure,16,1593.17,880.77,no_signal,,3148.488713
165,measure,18,1593.17,880.77,no_signal,,3154.488713
166,measure,18,964.869,1571.409,no_signal,,3346.223217
167,measure,3,964.869,1571.409,no_signal,,3352.223217
168,measure,4,964.869,1571.409,no_signal,,3358.223217
169,measure,5,964.869,1571.409,no_signal,,3364.223217
170,measure,12,964.869,1571.409,no_signal,,3370.223217
171,measure,13,964.869,1571.409,no_signal,,3376.223217
172,measure,14,964.869,1571.409,no_signal,,3382.223217
173,measure,16,964.869,1571.409,no_signal,,3388.223217
174,clear,15,664.5318005208121,1165.1438753436084,success,,3494.268511
175,clear,8,515.5401160656497,1261.383799985182,success,,3534.742809
176,measure,16,11.028,1832.275,no_signal,,3692.117247
177,measure,3,11.028,1832.275,no_signal,,3698.117247
178,measure,4,11.028,1832.275,no_signal,,3704.117247
179,measure,5,11.028,1832.275,no_signal,,3710.117247
180,measure,12,11.028,1832.275,no_signal,,3716.117247
181,measure,13,11.028,1832.275,no_signal,,3722.117247
182,measure,14,11.028,1832.275,no_signal,,3728.117247
183,measure,18,11.028,1832.275,no_signal,,3734.117247
184,measure,18,-847.963,1618.545,no_signal,,3916.15352
185,measure,3,-847.963,1618.545,no_signal,,3922.15352
186,measure,4,-847.963,1618.545,no_signal,,3928.15352
187,measure,5,-847.963,1618.545,no_signal,,3934.15352
188,measure,12,-847.963,1618.545,no_signal,,3940.15352
189,measure,13,-847.963,1618.545,direction,263.69,3946.15352
190,measure,14,-847.963,1618.545,no_signal,,3952.15352
191,measure,16,-847.963,1618.545,no_signal,,3958.15352
192,measure,13,-900.0,1500.0,direction,266.74,3990.046196
193,measure,13,-894.0097094364421,1499.6587977664933,direction,266.36,3996.246196
194,measure,3,-1531.838,1006.015,no_signal,,4163.554488
195,measure,4,-1531.838,1006.015,no_signal,,4169.554488
196,measure,5,-1531.838,1006.015,no_signal,,4175.554488
197,measure,12,-1531.838,1006.015,no_signal,,4181.554488
198,measure,14,-1531.838,1006.015,no_signal,,4187.554488
199,measure,16,-1531.838,1006.015,no_signal,,4193.554488
200,measure,18,-1531.838,1006.015,no_signal,,4199.554488
201,clear,9,-1368.8184529900377,959.5217720620352,success,,4238.458466
202,clear,13,-967.7468259084069,599.0134902891797,success,,4351.314791
203,clear,11,-1545.3733374228536,465.85478727941864,no_target_in_range,,4472.870032
204,clear,11,-1568.759964961641,460.4635302495561,success,,4482.670032
205,measure,18,-1826.217,114.353,no_signal,,4573.943232
206,measure,3,-1826.217,114.353,no_signal,,4579.943232
207,measure,4,-1826.217,114.353,no_signal,,4585.943232
208,measure,5,-1826.217,114.353,no_signal,,4591.943232
209,measure,12,-1826.217,114.353,no_signal,,4597.943232
210,measure,14,-1826.217,114.353,no_signal,,4603.943232
211,measure,16,-1826.217,114.353,no_signal,,4609.943232
212,measure,16,-1653.867,-842.493,no_signal,,4809.392073
213,measure,3,-1653.867,-842.493,no_signal,,4815.392073
214,measure,4,-1653.867,-842.493,no_signal,,4821.392073
215,measure,5,-1653.867,-842.493,no_signal,,4827.392073
216,measure,12,-1653.867,-842.493,no_signal,,4833.392073
217,measure,14,-1653.867,-842.493,no_signal,,4839.392073
218,measure,18,-1653.867,-842.493,no_signal,,4845.392073
219,measure,18,-962.301,-1547.77,no_signal,,5047.945021
220,measure,3,-962.301,-1547.77,no_signal,,5053.945021
221,measure,4,-962.301,-1547.77,no_signal,,5059.945021
222,measure,5,-962.301,-1547.77,no_signal,,5065.945021
223,measure,12,-962.301,-1547.77,no_signal,,5071.945021
224,measure,14,-962.301,-1547.77,no_signal,,5077.945021
225,measure,16,-962.301,-1547.77,no_signal,,5083.945021
226,measure,16,-87.384,-1834.515,no_signal,,5273.086537
227,measure,3,-87.384,-1834.515,no_signal,,5279.086537
228,measure,4,-87.384,-1834.515,no_signal,,5285.086537
229,measure,5,-87.384,-1834.515,no_signal,,5291.086537
230,measure,12,-87.384,-1834.515,no_signal,,5297.086537
231,measure,14,-87.384,-1834.515,no_signal,,5303.086537
232,measure,18,-87.384,-1834.515,no_signal,,5309.086537
